-- MariaDB dump 10.19  Distrib 10.4.32-MariaDB, for Win64 (AMD64)
--
-- Host: 127.0.0.1    Database: Project1
-- ------------------------------------------------------
-- Server version	10.4.32-MariaDB
/*!40103 SET @OLD_TIME_ZONE=@@TIME_ZONE */;
/*!40103 SET TIME_ZONE='+00:00' */;
/*!40014 SET @OLD_UNIQUE_CHECKS=@@UNIQUE_CHECKS, UNIQUE_CHECKS=0 */;
/*!40014 SET @OLD_FOREIGN_KEY_CHECKS=@@FOREIGN_KEY_CHECKS, FOREIGN_KEY_CHECKS=0 */;
/*!40101 SET @OLD_SQL_MODE=@@SQL_MODE, SQL_MODE='NO_AUTO_VALUE_ON_ZERO' */;
/*!40111 SET @OLD_SQL_NOTES=@@SQL_NOTES, SQL_NOTES=0 */;

--
-- Table structure for table `categories`
--

DROP TABLE IF EXISTS `categories`;
/*!40101 SET @saved_cs_client     = @@character_set_client */;
/*!40101 SET character_set_client = utf8 */;
CREATE TABLE `categories` (
  `id` bigint(20) unsigned NOT NULL AUTO_INCREMENT,
  `name` varchar(255) NOT NULL,
  `slug` varchar(255) NOT NULL,
  `created_at` timestamp NULL DEFAULT NULL,
  `updated_at` timestamp NULL DEFAULT NULL,
  PRIMARY KEY (`id`),
  UNIQUE KEY `categories_slug_unique` (`slug`)
) ENGINE=InnoDB AUTO_INCREMENT=12 DEFAULT CHARSET=utf8mb4 COLLATE=utf8mb4_unicode_ci;
/*!40101 SET character_set_client = @saved_cs_client */;

--
-- Dumping data for table `categories`
--

LOCK TABLES `categories` WRITE;
/*!40000 ALTER TABLE `categories` DISABLE KEYS */;
INSERT INTO `categories` VALUES (1,'Italian','italian','2025-12-24 20:25:03','2025-12-24 20:25:03'),(2,'Asian','asian','2025-12-24 20:25:03','2025-12-24 20:25:03'),(3,'Mexican','mexican','2025-12-24 20:25:03','2025-12-24 20:25:03'),(4,'Middle Eastern','middle-eastern','2025-12-24 20:25:03','2025-12-24 20:25:03'),(5,'American','american','2025-12-24 20:25:03','2025-12-24 20:25:03'),(6,'Breakfast','breakfast','2025-12-24 20:25:03','2025-12-24 20:25:03'),(7,'Dessert','dessert','2025-12-24 20:25:03','2025-12-24 20:25:03'),(8,'Healthy','healthy','2025-12-24 20:25:04','2025-12-24 20:25:04'),(9,'European','european','2025-12-24 20:25:04','2025-12-24 20:25:04'),(10,'South American','south-american','2025-12-24 20:25:04','2025-12-24 20:25:04'),(11,'African','african','2025-12-24 20:25:04','2025-12-24 20:25:04');
/*!40000 ALTER TABLE `categories` ENABLE KEYS */;
UNLOCK TABLES;

--
-- Table structure for table `ingredient_recipe`
--

DROP TABLE IF EXISTS `ingredient_recipe`;
/*!40101 SET @saved_cs_client     = @@character_set_client */;
/*!40101 SET character_set_client = utf8 */;
CREATE TABLE `ingredient_recipe` (
  `id` bigint(20) unsigned NOT NULL AUTO_INCREMENT,
  `recipe_id` bigint(20) unsigned NOT NULL,
  `ingredient_id` bigint(20) unsigned NOT NULL,
  `quantity` varchar(255) NOT NULL,
  PRIMARY KEY (`id`),
  KEY `ingredient_recipe_recipe_id_foreign` (`recipe_id`),
  KEY `ingredient_recipe_ingredient_id_foreign` (`ingredient_id`),
  CONSTRAINT `ingredient_recipe_ingredient_id_foreign` FOREIGN KEY (`ingredient_id`) REFERENCES `ingredients` (`id`) ON DELETE CASCADE,
  CONSTRAINT `ingredient_recipe_recipe_id_foreign` FOREIGN KEY (`recipe_id`) REFERENCES `recipes` (`id`) ON DELETE CASCADE
) ENGINE=InnoDB AUTO_INCREMENT=336 DEFAULT CHARSET=utf8mb4 COLLATE=utf8mb4_unicode_ci;
/*!40101 SET character_set_client = @saved_cs_client */;

--
-- Dumping data for table `ingredient_recipe`
--

LOCK TABLES `ingredient_recipe` WRITE;
/*!40000 ALTER TABLE `ingredient_recipe` DISABLE KEYS */;
INSERT INTO `ingredient_recipe` VALUES (1,1,97,'1 ball'),(2,1,98,'200g'),(3,1,19,'Fresh'),(4,2,13,'200g'),(5,2,3,'2'),(6,2,99,'100g'),(7,3,100,'2 cups'),(8,3,26,'500g'),(9,3,101,'1L'),(10,4,102,'1 box'),(11,4,103,'500g'),(12,4,104,'500g'),(13,5,98,'200g'),(14,5,1,'3'),(15,5,19,'Bunch'),(16,6,55,'2 cups'),(17,6,56,'5 sheets'),(18,6,57,'Assorted'),(19,7,105,'1 pack'),(20,7,101,'2 cups'),(21,7,3,'1'),(22,8,106,'200g'),(23,8,107,'50g'),(24,8,108,'3 tbsp'),(25,9,109,'300g'),(26,9,28,'1 head'),(27,9,47,'2 tbsp'),(28,10,110,'1kg'),(29,10,106,'1 pack'),(30,10,64,'Plenty'),(31,11,111,'6'),(32,11,112,'300g'),(33,11,113,'Topping'),(34,12,114,'1 bag'),(35,12,54,'200g'),(36,12,115,'Sliced'),(37,13,151,'2 large'),(38,13,54,'1 cup'),(39,13,152,'Cooked'),(40,14,32,'3'),(41,14,69,'1'),(42,14,8,'Pinch'),(43,15,73,'500g'),(44,15,117,'Assorted'),(45,15,74,'1 can'),(46,16,77,'6 balls'),(47,16,76,'2'),(48,16,75,'Drizzle'),(49,17,74,'1 can'),(50,17,75,'2 tbsp'),(51,17,10,'Drizzle'),(52,18,78,'1'),(53,18,79,'1'),(54,18,80,'1 slice'),(55,19,81,'500g'),(56,19,80,'300g'),(57,19,21,'1 cup'),(58,20,82,'1 rack'),(59,20,83,'1 bottle'),(60,20,116,'Rub'),(61,21,24,'2 slices'),(62,21,54,'Lots'),(63,21,7,'1 tbsp'),(64,22,118,'1 head'),(65,22,119,'Handful'),(66,22,153,'Shaved'),(67,23,2,'1 cup'),(68,23,21,'1 cup'),(69,23,154,'1'),(70,24,24,'4 slices'),(71,24,3,'2'),(72,24,43,'1 tsp'),(73,25,120,'2'),(74,25,121,'2'),(75,25,122,'Sauce'),(76,26,87,'100g'),(77,26,7,'50g'),(78,26,23,'50g'),(79,27,89,'500g'),(80,27,88,'Base'),(81,27,90,'Top'),(82,28,91,'6'),(83,28,92,'2'),(84,28,43,'1 tbsp'),(85,29,84,'1 pack'),(86,29,85,'500g'),(87,29,86,'Strong'),(88,30,123,'1 cup'),(89,30,31,'1'),(90,30,18,'Dressing'),(91,31,27,'Handful'),(92,31,124,'1'),(93,31,125,'1 cup'),(94,32,155,'3'),(95,32,156,'3'),(96,32,64,'Mix'),(97,33,11,'500g'),(98,33,126,'2 cups'),(99,33,22,'1/2 cup'),(100,34,14,'2 cups'),(101,34,127,'Pinch'),(102,34,128,'Mix'),(103,35,76,'2'),(104,35,129,'Sliced'),(105,35,130,'Dollop'),(106,36,157,'5 large'),(107,36,131,'1L'),(108,36,132,'Topping'),(109,37,133,'2 fillets'),(110,37,134,'Mix'),(111,37,135,'Portion'),(112,38,29,'2'),(113,38,30,'1'),(114,38,126,'Base'),(115,39,136,'Pack'),(116,39,72,'300g'),(117,39,137,'Handful'),(118,40,133,'300g'),(119,40,158,'5'),(120,40,39,'Bunch'),(121,41,67,'500g'),(122,41,138,'Assorted cuts'),(123,41,14,'Side'),(124,42,71,'2 cups'),(125,42,150,'2.5 cups'),(126,42,54,'Filling'),(127,43,14,'2 cups'),(128,43,1,'4'),(129,43,17,'2'),(130,44,159,'1/2'),(131,44,139,'Portion'),(132,44,160,'Garnish'),(133,45,3,'4'),(134,45,126,'1 can'),(135,45,17,'1'),(136,46,152,'1kg'),(137,46,142,'1 cup'),(138,46,73,'Side'),(139,47,2,'2 cups'),(140,47,156,'3'),(141,47,54,'1 cup'),(142,48,143,'3'),(143,48,144,'1/2 head'),(144,48,12,'300g'),(145,49,12,'500g'),(146,49,44,'3 tbsp'),(147,49,157,'2'),(148,50,93,'1/4 cup'),(149,50,94,'1 cup'),(150,50,21,'1/2 cup'),(151,51,2,'1 cup'),(152,51,23,'1/2 cup'),(153,51,43,'Tbsp'),(154,52,2,'2 cups'),(155,52,3,'2'),(156,52,146,'Handful'),(157,53,145,'1 cup'),(158,53,50,'1 cup'),(159,53,140,'1 ripe'),(160,54,62,'1 pack'),(161,54,63,'200g'),(162,54,64,'Mint/Basil'),(163,55,95,'400g'),(164,55,116,'Cumin/Coriander'),(165,55,141,'Wood'),(166,56,61,'2 cups'),(167,56,60,'2 tbsp'),(168,56,59,'Cubed'),(169,57,96,'1'),(170,57,7,'100g'),(171,57,5,'4 cloves'),(173,59,161,'2Kg'),(174,59,127,'0'),(175,59,8,'0'),(176,59,10,'1 cup'),(177,59,150,'1 cup'),(178,59,18,'1'),(189,61,171,'12 large'),(190,61,63,'1 pound large'),(191,61,172,'1/2 cup'),(192,61,173,'1 cup'),(193,61,7,'4 tablespoons'),(194,61,5,'3 cloves'),(195,61,8,'to taste'),(196,61,9,'to taste'),(197,61,174,'1/4 cup chopped'),(198,61,175,'2'),(199,62,171,'12'),(200,62,176,'12'),(201,62,177,'1 pound'),(202,62,178,'1/2 cup'),(203,62,179,'2 tablespoons'),(204,62,5,'3 cloves'),(205,62,7,'2 tablespoons'),(206,62,10,'1 tablespoon'),(207,62,8,'to taste'),(208,62,9,'to taste'),(209,62,174,'1/4 cup'),(219,64,171,'12 large'),(220,64,181,'1 cup'),(221,64,174,'1/4 cup'),(222,64,5,'3 cloves'),(223,64,182,'1/4 cup'),(224,64,183,'1/2 cup'),(225,64,10,'1/4 cup'),(226,64,8,'to taste'),(227,64,9,'to taste'),(228,64,156,'2 large'),(229,64,184,'2 tablespoons'),(230,64,173,'1/2 cup'),(231,65,185,'1 pound'),(232,65,140,'2 ripe'),(233,65,186,'1 medium'),(234,65,187,'1'),(235,65,39,'1/4 cup'),(236,65,188,'2 tablespoons'),(237,65,50,'1 cup'),(238,65,189,'1 cup'),(239,65,8,'to taste'),(240,65,9,'to taste'),(241,65,10,'2 tablespoons'),(242,65,5,'2 cloves'),(243,65,37,'1-inch piece'),(244,66,185,'1.5 lbs'),(245,66,190,'4-5 peppers'),(246,66,188,'1/2 cup'),(247,66,10,'1/4 cup'),(248,66,5,'3 cloves'),(249,66,37,'1-inch piece'),(250,66,39,'1/4 cup chopped'),(251,66,8,'to taste'),(252,66,9,'to taste'),(253,66,189,'1 cup'),(254,66,150,'2 cups'),(255,66,7,'2 tbsp'),(256,67,191,'4 (6 oz each)'),(257,67,190,'2'),(258,67,192,'1/2 tsp'),(259,67,189,'1 cup'),(260,67,169,'2 cups'),(261,67,10,'1/4 cup'),(262,67,188,'2 tbsp'),(263,67,193,'2 cloves'),(264,67,194,'1/4 cup'),(265,67,8,'to taste'),(266,67,9,'to taste'),(267,67,195,'1 tsp'),(268,68,185,'1.5 lbs'),(269,68,192,'1/2 tsp'),(270,68,44,'1 tsp'),(271,68,196,'1 tsp'),(272,68,8,'1 tsp'),(273,68,9,'1/2 tsp'),(274,68,140,'2 ripe'),(275,68,186,'1/2'),(276,68,187,'1'),(277,68,39,'1/4 cup'),(278,68,188,'2 tbsp'),(279,68,50,'1 cup'),(280,68,189,'1 cup'),(281,68,150,'2 cups'),(282,68,10,'2 tbsp'),(283,69,197,'4 (6 oz each)'),(284,69,198,'2 tbsp'),(285,69,47,'2 tbsp'),(286,69,199,'1 tsp'),(287,69,200,'2 tbsp'),(288,69,201,'2 cloves'),(289,69,202,'1 tsp'),(290,69,203,'1 cup'),(291,69,204,'1/2 cup'),(292,69,205,'1/4 cup'),(293,69,188,'2 tbsp'),(294,69,8,'to taste'),(295,69,9,'to taste'),(296,69,206,'2 tbsp'),(297,70,176,'1 pound'),(298,70,190,'4-5'),(299,70,186,'1'),(300,70,5,'3 cloves'),(301,70,194,'1/4 cup'),(302,70,188,'2 tablespoons'),(303,70,207,'1/4 cup'),(304,70,8,'to taste'),(305,70,9,'to taste'),(306,70,208,'10-12'),(307,70,209,'1/2 cup, crumbled'),(308,71,210,'1 block'),(309,71,203,'1 whole'),(310,71,211,'1 cup'),(311,71,189,'2 cups'),(312,71,206,'2 tbsp'),(313,71,198,'1 tbsp'),(314,71,47,'1 tsp'),(315,71,199,'1 tsp'),(316,71,212,'1/4 cup'),(317,71,213,'1/4 tsp'),(318,72,176,'1 pound'),(319,72,214,'1 cup, chunks'),(320,72,215,'1/2 cup'),(321,72,206,'2 tablespoons'),(322,72,199,'1 tablespoon'),(323,72,201,'2 cloves'),(324,72,202,'1 tablespoon'),(325,72,216,'1 tablespoon'),(326,72,217,'1/4 cup'),(327,73,185,'1 large'),(328,73,140,'2 ripe'),(329,73,186,'1 medium'),(330,73,39,'1/4 cup'),(331,73,188,'2 tablespoons'),(332,73,198,'1 tablespoon'),(333,73,206,'1 tablespoon'),(334,73,8,'To taste'),(335,73,9,'To taste');
/*!40000 ALTER TABLE `ingredient_recipe` ENABLE KEYS */;
UNLOCK TABLES;

--
-- Table structure for table `ingredients`
--

DROP TABLE IF EXISTS `ingredients`;
/*!40101 SET @saved_cs_client     = @@character_set_client */;
/*!40101 SET character_set_client = utf8 */;
CREATE TABLE `ingredients` (
  `id` bigint(20) unsigned NOT NULL AUTO_INCREMENT,
  `name` varchar(255) NOT NULL,
  `image_path` varchar(255) DEFAULT NULL,
  `created_at` timestamp NULL DEFAULT NULL,
  `updated_at` timestamp NULL DEFAULT NULL,
  PRIMARY KEY (`id`)
) ENGINE=InnoDB AUTO_INCREMENT=218 DEFAULT CHARSET=utf8mb4 COLLATE=utf8mb4_unicode_ci;
/*!40101 SET character_set_client = @saved_cs_client */;

--
-- Dumping data for table `ingredients`
--

LOCK TABLES `ingredients` WRITE;
/*!40000 ALTER TABLE `ingredients` DISABLE KEYS */;
INSERT INTO `ingredients` VALUES (1,'Tomato','images/ingredients/tomato.png','2025-12-24 20:25:01','2025-12-24 20:25:01'),(2,'Flour','images/ingredients/flour.png','2025-12-24 20:25:01','2025-12-24 20:25:01'),(3,'Eggs','images/ingredients/eggs.png','2025-12-24 20:25:01','2025-12-24 20:25:01'),(4,'Onion','images/ingredients/onion.png','2025-12-24 20:25:01','2025-12-24 20:25:01'),(5,'Garlic','https://images.unsplash.com/photo-1540189549336-e6e99c3679fe?auto=format&fit=crop&w=400&q=80','2025-12-24 20:25:01','2025-12-24 20:25:01'),(6,'Cheese (Parmesan)','https://images.unsplash.com/photo-1582136005523-28c057edc295?auto=format&fit=crop&w=400&q=80','2025-12-24 20:25:01','2025-12-24 20:25:01'),(7,'Butter','https://images.unsplash.com/photo-1589985270826-4b7bb135bc9d?auto=format&fit=crop&w=400&q=80','2025-12-24 20:25:01','2025-12-24 20:25:01'),(8,'Salt','https://source.unsplash.com/200x200/?salt','2025-12-24 20:25:01','2026-04-26 23:27:39'),(9,'Black Pepper','https://source.unsplash.com/200x200/?black-pepper','2025-12-24 20:25:01','2026-04-26 23:27:39'),(10,'Olive Oil','https://images.unsplash.com/photo-1474979266404-7eaacbcd87c5?auto=format&fit=crop&w=400&q=80','2025-12-24 20:25:01','2025-12-24 20:25:01'),(11,'Chicken Breast','https://images.unsplash.com/photo-1604503468506-a8da13d82791?auto=format&fit=crop&w=400&q=80','2025-12-24 20:25:01','2025-12-24 20:25:01'),(12,'Beef','https://faithfamilyandbeef.com/wp-content/uploads/2019/02/Ridiculously-Tasty-Beef-Tenderloin-3-scaled.jpg','2025-12-24 20:25:01','2025-12-24 20:25:01'),(13,'Pasta (Spaghetti)','https://images.unsplash.com/photo-1599388147551-ce6385d8527a?auto=format&fit=crop&w=400&q=80','2025-12-24 20:25:01','2025-12-24 20:25:01'),(14,'Rice','https://images.unsplash.com/photo-1586201375761-83865001e31c?auto=format&fit=crop&w=400&q=80','2025-12-24 20:25:01','2025-12-24 20:25:01'),(15,'Potato','images/ingredients/potato.avif','2025-12-24 20:25:01','2025-12-24 20:25:01'),(16,'Carrot','https://images.unsplash.com/photo-1598170845058-32b9d6a5da37?auto=format&fit=crop&w=400&q=80','2025-12-24 20:25:01','2025-12-24 20:25:01'),(17,'Bell Pepper','https://images.unsplash.com/photo-1563565375-f3fdfdbefa83?auto=format&fit=crop&w=400&q=80','2025-12-24 20:25:01','2025-12-24 20:25:01'),(18,'Lemon','https://images.unsplash.com/photo-1590502593747-42a996133562?auto=format&fit=crop&w=400&q=80','2025-12-24 20:25:01','2025-12-24 20:25:01'),(19,'Basil','https://images.unsplash.com/photo-1618164436241-4473940d1f5c?auto=format&fit=crop&w=400&q=80','2025-12-24 20:25:01','2025-12-24 20:25:01'),(20,'Parsley','https://images.unsplash.com/photo-1462174940822-0e8f1e04e228?auto=format&fit=crop&w=400&q=80','2025-12-24 20:25:01','2025-12-24 20:25:01'),(21,'Milk','https://images.unsplash.com/photo-1563636619-e9143da7973b?auto=format&fit=crop&w=400&q=80','2025-12-24 20:25:01','2025-12-24 20:25:01'),(22,'Cream','https://images.unsplash.com/photo-1628088062854-d1870b4553da?auto=format&fit=crop&w=400&q=80','2025-12-24 20:25:01','2025-12-24 20:25:01'),(23,'Sugar','images/ingredients/Sugar.jpg','2025-12-24 20:25:01','2025-12-24 20:25:01'),(24,'Bread','https://images.unsplash.com/photo-1509440159596-0249088772ff?auto=format&fit=crop&w=400&q=80','2025-12-24 20:25:01','2025-12-24 20:25:01'),(25,'Bacon','https://images.unsplash.com/photo-1621264249339-b94a2a7f5d02?auto=format&fit=crop&w=400&q=80','2025-12-24 20:25:01','2025-12-24 20:25:01'),(26,'Mushrooms','https://images.unsplash.com/photo-1614170750974-0ca57c7e0cc1?auto=format&fit=crop&w=400&q=80','2025-12-24 20:25:01','2025-12-24 20:25:01'),(27,'Spinach','https://images.unsplash.com/photo-1576045057995-568f588f82fb?auto=format&fit=crop&w=400&q=80','2025-12-24 20:25:01','2025-12-24 20:25:01'),(28,'Broccoli','https://images.unsplash.com/photo-1628773822503-930a7eaecf80?auto=format&fit=crop&w=400&q=80','2025-12-24 20:25:01','2025-12-24 20:25:01'),(29,'Zucchini','images/ingredients/zucchini.jpg','2025-12-24 20:25:01','2025-12-24 20:25:01'),(30,'Eggplant','images/ingredients/eggplant.jpg','2025-12-24 20:25:01','2025-12-24 20:25:01'),(31,'Cucumber','https://images.unsplash.com/photo-1604977042946-1eecc30f269e?auto=format&fit=crop&w=400&q=80','2025-12-24 20:25:01','2025-12-24 20:25:01'),(32,'Avocado','images/ingredients/avocado.jpg','2025-12-24 20:25:01','2025-12-24 20:25:01'),(33,'Corn','images/ingredients/corn.webp','2025-12-24 20:25:01','2025-12-24 20:25:01'),(34,'Peas','images/ingredients/Peas.jpg','2025-12-24 20:25:01','2025-12-24 20:25:01'),(35,'Green Beans','images/ingredients/Green Beans.webp','2025-12-24 20:25:01','2025-12-24 20:25:01'),(36,'Sweet Potato','images/ingredients/Sweet Potato.jpg','2025-12-24 20:25:01','2025-12-24 20:25:01'),(37,'Ginger','images/ingredients/Ginger.jpg','2025-12-24 20:25:01','2025-12-24 20:25:01'),(38,'Chili Pepper','images/ingredients/chiliPepper.png','2025-12-24 20:25:01','2025-12-24 20:25:01'),(39,'Cilantro','https://source.unsplash.com/200x200/?cilantro','2025-12-24 20:25:01','2026-04-26 23:27:38'),(40,'Thyme','images/ingredients/Thyme.jpg','2025-12-24 20:25:01','2025-12-24 20:25:01'),(41,'Rosemary','https://images.unsplash.com/photo-1584633810723-08b5c7c02c3f?auto=format&fit=crop&w=400&q=80','2025-12-24 20:25:01','2025-12-24 20:25:01'),(42,'Oregano','https://images.unsplash.com/photo-1647427060118-4911c9821b82?auto=format&fit=crop&w=400&q=80','2025-12-24 20:25:01','2025-12-24 20:25:01'),(43,'Cinnamon','images/ingredients/cinnamon.jpg','2025-12-24 20:25:01','2025-12-24 20:25:01'),(44,'Paprika','images/ingredients/paprika.jpg','2025-12-24 20:25:01','2025-12-24 20:25:01'),(45,'Cumin','https://images.unsplash.com/photo-1596040033229-a0b6c2f8f6b7?auto=format&fit=crop&w=400&q=80','2025-12-24 20:25:01','2025-12-24 20:25:01'),(46,'Honey','images/ingredients/Honey.jpg','2025-12-24 20:25:01','2025-12-24 20:25:01'),(47,'Soy Sauce','https://source.unsplash.com/200x200/?soy-sauce-bottle','2025-12-24 20:25:01','2026-04-26 21:39:45'),(48,'Vinegar','images/ingredients/vinegar.avif','2025-12-24 20:25:01','2025-12-24 20:25:01'),(49,'Wine (Cooking)','https://images.unsplash.com/photo-1510812431401-41d2bd2722f3?auto=format&fit=crop&w=400&q=80','2025-12-24 20:25:01','2025-12-24 20:25:01'),(50,'Coconut Milk','https://images.unsplash.com/photo-1595666944516-bbb485958fb5?auto=format&fit=crop&w=400&q=80','2025-12-24 20:25:01','2025-12-24 20:25:01'),(51,'Peanut Butter','images/ingredients/Peanut Butter.jpg','2025-12-24 20:25:01','2025-12-24 20:25:01'),(52,'Vanilla Extract','https://images.unsplash.com/photo-1551715344-2c3f6e4c7e90?auto=format&fit=crop&w=400&q=80','2025-12-24 20:25:01','2025-12-24 20:25:01'),(53,'Chocolate','images/ingredients/Chocolate.jpg','2025-12-24 20:25:01','2025-12-24 20:25:01'),(54,'Cheese','images/ingredients/Mozzarella.png','2025-12-24 20:25:01','2025-12-24 20:25:01'),(55,'Sushi Rice','https://images.unsplash.com/photo-1586201375761-83865001e31c?auto=format&fit=crop&w=400&q=80','2025-12-24 20:25:02','2025-12-24 20:25:02'),(56,'Nori','https://images.unsplash.com/photo-1558985250-27a406d64cb3?auto=format&fit=crop&w=400&q=80','2025-12-24 20:25:02','2025-12-24 20:25:02'),(57,'Fish/Veg','https://images.unsplash.com/photo-1546069901-d5bfd2cbfb1f?auto=format&fit=crop&w=400&q=80','2025-12-24 20:25:02','2025-12-24 20:25:02'),(58,'Fish','https://images.unsplash.com/photo-1546069901-d5bfd2cbfb1f?auto=format&fit=crop&w=400&q=80','2025-12-24 20:25:02','2025-12-24 20:25:02'),(59,'Tofu','https://images.unsplash.com/photo-1546069901-d5bfd2cbfb1f?auto=format&fit=crop&w=400&q=80','2025-12-24 20:25:02','2025-12-24 20:25:02'),(60,'Miso Paste','https://images.unsplash.com/photo-1603569283847-aa295f0d016a?auto=format&fit=crop&w=400&q=80','2025-12-24 20:25:02','2025-12-24 20:25:02'),(61,'Dashi Stock','images/ingredients/Dashi Stock.jpg','2025-12-24 20:25:02','2025-12-24 20:25:02'),(62,'Rice Paper','https://images.unsplash.com/photo-1517022812141-23620dba5c23?auto=format&fit=crop&w=400&q=80','2025-12-24 20:25:02','2025-12-24 20:25:02'),(63,'Shrimp','https://images.unsplash.com/photo-1565680018434-b513d5e5fd47?auto=format&fit=crop&w=400&q=80','2025-12-24 20:25:02','2025-12-24 20:25:02'),(64,'Herbs','images/ingredients/Herbs.webp','2025-12-24 20:25:02','2025-12-24 20:25:02'),(65,'Tortilla','https://images.unsplash.com/photo-1588269603099-0e77402dc5b3?auto=format&fit=crop&w=400&q=80','2025-12-24 20:25:02','2025-12-24 20:25:02'),(66,'Beans','https://images.unsplash.com/photo-1551462147-37885acc36f1?auto=format&fit=crop&w=400&q=80','2025-12-24 20:25:02','2025-12-24 20:25:02'),(67,'Black Beans','https://images.unsplash.com/photo-1551462147-37885acc36f1?auto=format&fit=crop&w=400&q=80','2025-12-24 20:25:02','2025-12-24 20:25:02'),(68,'Salsa','https://images.unsplash.com/photo-1574672159828-d3680252b48d?auto=format&fit=crop&w=400&q=80','2025-12-24 20:25:02','2025-12-24 20:25:02'),(69,'Lime','https://encrypted-tbn0.gstatic.com/images?q=tbn:ANd9GcTPjgwuINe4DN6ALREVgrlPqbixdjHs6ZvAyA&s','2025-12-24 20:25:02','2025-12-24 20:25:02'),(70,'Jalape├▒o','https://images.unsplash.com/photo-1563865436874-9aef32095fad?auto=format&fit=crop&w=400&q=80','2025-12-24 20:25:02','2025-12-24 20:25:02'),(71,'Corn Flour','https://images.unsplash.com/photo-1615486511484-92e8775d5694?auto=format&fit=crop&w=400&q=80','2025-12-24 20:25:02','2025-12-24 20:25:02'),(72,'Beef Mince','https://freshsensations.com.au/cdn/shop/products/Beef_Mince.jpg?v=1563150147','2025-12-24 20:25:02','2025-12-24 20:25:02'),(73,'Couscous','images/ingredients/Couscous.jpg','2025-12-24 20:25:02','2025-12-24 20:25:02'),(74,'Chickpeas','https://images.unsplash.com/photo-1515543904379-3d757afe72e3?auto=format&fit=crop&w=400&q=80','2025-12-24 20:25:02','2025-12-24 20:25:02'),(75,'Tahini','images/ingredients/Tahini.jpg','2025-12-24 20:25:02','2025-12-24 20:25:02'),(76,'Pita','https://images.unsplash.com/photo-1563884871408-db2dd3223002?auto=format&fit=crop&w=400&q=80','2025-12-24 20:25:02','2025-12-24 20:25:02'),(77,'Falafel','images/ingredients/falafel.jpg','2025-12-24 20:25:02','2025-12-24 20:25:02'),(78,'Beef Patty','https://images.unsplash.com/photo-1568901346375-23c9450c58cd?auto=format&fit=crop&w=400&q=80','2025-12-24 20:25:02','2025-12-24 20:25:02'),(79,'Bun','https://images.unsplash.com/photo-1555529733-0e6713cd1084?auto=format&fit=crop&w=400&q=80','2025-12-24 20:25:02','2025-12-24 20:25:02'),(80,'Cheddar','https://images.unsplash.com/photo-1618164436241-4473940d1f5c?auto=format&fit=crop&w=400&q=80','2025-12-24 20:25:02','2025-12-24 20:25:02'),(81,'Macaroni','https://images.unsplash.com/photo-1610427974301-44256259ce36?auto=format&fit=crop&w=400&q=80','2025-12-24 20:25:02','2025-12-24 20:25:02'),(82,'Pork Ribs','https://img.freepik.com/premium-vector/haram-logo-information-is-important-indicate-that-product-is-halal-moslem-islam_344220-367.jpg','2025-12-24 20:25:02','2025-12-24 20:25:02'),(83,'BBQ Sauce','https://encrypted-tbn0.gstatic.com/images?q=tbn:ANd9GcT8RnCcK5pAuh3n2ATiV5O2MqgO06mFg70AfQ&s','2025-12-24 20:25:02','2025-12-24 20:25:02'),(84,'Ladyfingers','https://images.unsplash.com/photo-1519676867240-f03562e64548?auto=format&fit=crop&w=400&q=80','2025-12-24 20:25:02','2025-12-24 20:25:02'),(85,'Mascarpone','images/ingredients/Mascarpone.jpg','2025-12-24 20:25:02','2025-12-24 20:25:02'),(86,'Coffee','https://images.unsplash.com/photo-1509042239860-f550ce710b93?auto=format&fit=crop&w=400&q=80','2025-12-24 20:25:02','2025-12-24 20:25:02'),(87,'Dark Chocolate','images/ingredients/Chocolate.jpg','2025-12-24 20:25:02','2025-12-24 20:25:02'),(88,'Biscuits','https://images.unsplash.com/photo-1558961363-fa8fdf82db35?auto=format&fit=crop&w=400&q=80','2025-12-24 20:25:02','2025-12-24 20:25:02'),(89,'Cream Cheese','https://sourdoughjesha.com/wp-content/uploads/2024/09/close-up-of-cream-cheese.jpg','2025-12-24 20:25:02','2025-12-24 20:25:02'),(90,'Strawberries','https://images.unsplash.com/photo-1464965911861-746a04b4bca6?auto=format&fit=crop&w=400&q=80','2025-12-24 20:25:02','2025-12-24 20:25:02'),(91,'Apples','https://images.unsplash.com/photo-1576179635662-9d1983e97e1e?auto=format&fit=crop&w=400&q=80','2025-12-24 20:25:02','2025-12-24 20:25:02'),(92,'Pie Crust','images/ingredients/Pie Crust.jpg','2025-12-24 20:25:02','2025-12-24 20:25:02'),(93,'Tapioca Pearls','https://encrypted-tbn0.gstatic.com/images?q=tbn:ANd9GcSAHTML7dlk32H27ukzWCi0Xqhi86TKs2z6Og&s','2025-12-24 20:25:02','2025-12-24 20:25:02'),(94,'Black Tea','https://cdn.shopify.com/s/files/1/0607/1851/4433/files/Black_Tea_Health_Benefits_And_Nutrition_Uses.jpg?v=1655139221','2025-12-24 20:25:02','2025-12-24 20:25:02'),(95,'Lamb Mince','https://images.unsplash.com/photo-1603048588665-791ca8aea617?auto=format&fit=crop&w=400&q=80','2025-12-24 20:25:02','2025-12-24 20:25:02'),(96,'Baguette','https://encrypted-tbn0.gstatic.com/images?q=tbn:ANd9GcQ068ZJy3ew9KeiBtjaRmff3AWPHJC9Et7LQA&s','2025-12-24 20:25:02','2025-12-24 20:25:02'),(97,'Pizza Dough','images/ingredients/Pizza Dough.jpg','2025-12-24 20:25:02','2025-12-24 20:25:02'),(98,'Mozzarella','images/ingredients/Mozzarella.png','2025-12-24 20:25:02','2025-12-24 20:25:02'),(99,'Pancetta','https://images.unsplash.com/photo-1612874742237-6526221588e3?auto=format&fit=crop&w=400&q=80','2025-12-24 20:25:02','2025-12-24 20:25:02'),(100,'Arborio Rice','https://images.unsplash.com/photo-1586201375761-83865001e31c?auto=format&fit=crop&w=400&q=80','2025-12-24 20:25:02','2025-12-24 20:25:02'),(101,'Broth','images/ingredients/Broth.jpg','2025-12-24 20:25:02','2025-12-24 20:25:02'),(102,'Lasagna Sheets','https://images.unsplash.com/photo-1619895092538-128341789043?auto=format&fit=crop&w=400&q=80','2025-12-24 20:25:02','2025-12-24 20:25:02'),(103,'Bolognese Sauce','https://images.unsplash.com/photo-1574868235805-c818aaab2d45?auto=format&fit=crop&w=400&q=80','2025-12-24 20:25:02','2025-12-24 20:25:02'),(104,'Bechamel','https://images.unsplash.com/photo-1574868235805-c818aaab2d45?auto=format&fit=crop&w=400&q=80','2025-12-24 20:25:02','2025-12-24 20:25:02'),(105,'Ramen Noodles','https://images.unsplash.com/photo-1569718212165-3a8278d5f624?auto=format&fit=crop&w=400&q=80','2025-12-24 20:25:02','2025-12-24 20:25:02'),(106,'Rice Noodles','https://images.unsplash.com/photo-1559314809-0d155014e29e?auto=format&fit=crop&w=400&q=80','2025-12-24 20:25:02','2025-12-24 20:25:02'),(107,'Peanuts','images/ingredients/Peanuts.jpg','2025-12-24 20:25:02','2025-12-24 20:25:02'),(108,'Tamarind Sauce','https://images.unsplash.com/photo-1588166524941-3bf61a9c41db?auto=format&fit=crop&w=400&q=80','2025-12-24 20:25:02','2025-12-24 20:25:02'),(109,'Beef Strips','https://images.unsplash.com/photo-1603048588665-791ca8aea617?auto=format&fit=crop&w=400&q=80','2025-12-24 20:25:02','2025-12-24 20:25:02'),(110,'Beef Bones','https://images.unsplash.com/photo-1603048588665-791ca8aea617?auto=format&fit=crop&w=400&q=80','2025-12-24 20:25:02','2025-12-24 20:25:02'),(111,'Corn Tortillas','https://images.unsplash.com/photo-1588269603099-0e77402dc5b3?auto=format&fit=crop&w=400&q=80','2025-12-24 20:25:02','2025-12-24 20:25:02'),(112,'Carne Asada','https://images.unsplash.com/photo-1603048588665-791ca8aea617?auto=format&fit=crop&w=400&q=80','2025-12-24 20:25:02','2025-12-24 20:25:02'),(113,'Onion/Cilantro','images/ingredients/cilantro.jpg','2025-12-24 20:25:02','2025-12-24 20:25:02'),(114,'Tortilla Chips','https://images.unsplash.com/photo-1513456852971-30c0b8199d4d?auto=format&fit=crop&w=400&q=80','2025-12-24 20:25:02','2025-12-24 20:25:02'),(115,'Jalape├▒os','images/ingredients/chiliPepper.png','2025-12-24 20:25:02','2025-12-24 20:25:02'),(116,'Spices','https://cdn.britannica.com/26/82526-050-EBEB4A05/Spices-sale-stand-Istanbul-Egyptian-Bazaar.jpg','2025-12-24 20:25:02','2025-12-24 20:25:02'),(117,'Vegetables','https://images.unsplash.com/photo-1598170845058-32b9d6a5da37?auto=format&fit=crop&w=400&q=80','2025-12-24 20:25:02','2025-12-24 20:25:02'),(118,'Romaine','https://images.unsplash.com/photo-1550304943-4f24f54ddde9?auto=format&fit=crop&w=400&q=80','2025-12-24 20:25:02','2025-12-24 20:25:02'),(119,'Croutons','https://images.unsplash.com/photo-1550304943-4f24f54ddde9?auto=format&fit=crop&w=400&q=80','2025-12-24 20:25:02','2025-12-24 20:25:02'),(120,'English Muffin','https://encrypted-tbn0.gstatic.com/images?q=tbn:ANd9GcTaIFi76RzGq6TUGwt-Wre2wtDFdetxHd0bRQ&s','2025-12-24 20:25:02','2025-12-24 20:25:02'),(121,'Poached Eggs','https://images.unsplash.com/photo-1608039829572-78524f79c4c7?auto=format&fit=crop&w=400&q=80','2025-12-24 20:25:02','2025-12-24 20:25:02'),(122,'Hollandaise','https://images.unsplash.com/photo-1628088062854-d1870b4553da?auto=format&fit=crop&w=400&q=80','2025-12-24 20:25:02','2025-12-24 20:25:02'),(123,'Quinoa','https://images.unsplash.com/photo-1623428187969-5da2dcea5ebf?auto=format&fit=crop&w=400&q=80','2025-12-24 20:25:02','2025-12-24 20:25:02'),(124,'Banana','images/ingredients/Banana.jpg','2025-12-24 20:25:02','2025-12-24 20:25:02'),(125,'Almond Milk','https://images.unsplash.com/photo-1563636619-e9143da7973b?auto=format&fit=crop&w=400&q=80','2025-12-24 20:25:02','2025-12-24 20:25:02'),(126,'Tomato Sauce','https://encrypted-tbn0.gstatic.com/images?q=tbn:ANd9GcRWNKwvZ0lMuXuMslsNPKxDdGlB5mKqDyDgyw&s','2025-12-24 20:25:02','2025-12-24 20:25:02'),(127,'Saffron','https://upload.wikimedia.org/wikipedia/commons/6/68/Saffron_-_premium_spice.jpg','2025-12-24 20:25:02','2025-12-24 20:25:02'),(128,'Seafood','https://images.unsplash.com/photo-1534080564583-6be75777b70a?auto=format&fit=crop&w=400&q=80','2025-12-24 20:25:02','2025-12-24 20:25:02'),(129,'Lamb/Chicken','https://images.unsplash.com/photo-1529006557810-274b9b2fc783?auto=format&fit=crop&w=400&q=80','2025-12-24 20:25:02','2025-12-24 20:25:02'),(130,'Tzatziki','https://images.unsplash.com/photo-1582136005523-28c0570b9d5?auto=format&fit=crop&w=400&q=80','2025-12-24 20:25:02','2025-12-24 20:25:02'),(131,'Beef Broth','https://images.unsplash.com/photo-1617347454431-f49d7ff5c3b1?auto=format&fit=crop&w=400&q=80','2025-12-24 20:25:02','2025-12-24 20:25:02'),(132,'Gruyere','https://images.unsplash.com/photo-1625089366657-3f33660a927c?auto=format&fit=crop&w=400&q=80','2025-12-24 20:25:02','2025-12-24 20:25:02'),(133,'White Fish','images/ingredients/White Fish.jpg','2025-12-24 20:25:02','2025-12-24 20:25:02'),(134,'Batter','images/ingredients/Batter.jpg','2025-12-24 20:25:02','2025-12-24 20:25:02'),(135,'Fries','images/ingredients/Fries.jpg','2025-12-24 20:25:02','2025-12-24 20:25:02'),(136,'Dough','https://encrypted-tbn0.gstatic.com/images?q=tbn:ANd9GcShd8BCFxRrCQGTTyJmO65VtfZr56Rv559V_g&s','2025-12-24 20:25:02','2025-12-24 20:25:02'),(137,'Olives','https://encrypted-tbn0.gstatic.com/images?q=tbn:ANd9GcRlh1h1Cl1eNsn8De2MJeWJludC_a4eDIQH_A&s','2025-12-24 20:25:02','2025-12-24 20:25:02'),(138,'Pork','https://img.freepik.com/premium-vector/haram-logo-information-is-important-indicate-that-product-is-halal-moslem-islam_344220-367.jpg','2025-12-24 20:25:02','2025-12-24 20:25:02'),(139,'Curry','https://images.unsplash.com/photo-1596040033229-a0b6c2f8f6b7?auto=format&fit=crop&w=400&q=80','2025-12-24 20:25:02','2025-12-24 20:25:02'),(140,'Mango','https://source.unsplash.com/200x200/?mango','2025-12-24 20:25:02','2026-04-26 23:27:38'),(141,'Skewers','https://images.unsplash.com/photo-1555939594-58d7cb561ad1?auto=format&fit=crop&w=400&q=80','2025-12-24 20:25:02','2025-12-24 20:25:02'),(142,'Apricots','https://images.unsplash.com/photo-1595416049079-67ce424874c7?auto=format&fit=crop&w=400&q=80','2025-12-24 20:25:02','2025-12-24 20:25:02'),(143,'Beets','https://images.unsplash.com/photo-1603090729377-5264b38d6896?auto=format&fit=crop&w=400&q=80','2025-12-24 20:25:02','2025-12-24 20:25:02'),(144,'Cabbage','https://images.unsplash.com/photo-1603090729377-5264b38d6896?auto=format&fit=crop&w=400&q=80','2025-12-24 20:25:02','2025-12-24 20:25:02'),(145,'Glutinous Rice','https://images.unsplash.com/photo-1586201375761-83865001e31c?auto=format&fit=crop&w=400&q=80','2025-12-24 20:25:02','2025-12-24 20:25:02'),(146,'Pearl Sugar','https://encrypted-tbn0.gstatic.com/images?q=tbn:ANd9GcSYNjtLvzFKU7o3I8loMf2aSMO01uz3IkmCRA&s','2025-12-24 20:25:02','2025-12-24 20:25:02'),(147,'Arepas Dish','images/ingredients/Arepas.jpg','2025-12-24 20:25:02','2025-12-24 20:25:02'),(148,'Empanadas Dish','images/ingredients/Empanadas.jpg','2025-12-24 20:25:02','2025-12-24 20:25:02'),(149,'Feijoada Dish','images/ingredients/Feijoada.jpg','2025-12-24 20:25:02','2025-12-24 20:25:02'),(150,'Water','images/ingredients/Water.jpg','2025-12-24 20:25:02','2025-12-24 20:25:02'),(151,'Tortillas',NULL,'2025-12-24 20:25:03','2025-12-24 20:25:03'),(152,'Chicken',NULL,'2025-12-24 20:25:03','2025-12-24 20:25:03'),(153,'Parmesan',NULL,'2025-12-24 20:25:03','2025-12-24 20:25:03'),(154,'Egg',NULL,'2025-12-24 20:25:03','2025-12-24 20:25:03'),(155,'Carrots',NULL,'2025-12-24 20:25:04','2025-12-24 20:25:04'),(156,'Potatoes','images/ingredients/potato.avif','2025-12-24 20:25:04','2025-12-24 20:25:04'),(157,'Onions','images/ingredients/onion.png','2025-12-24 20:25:04','2025-12-24 20:25:04'),(158,'Limes','https://encrypted-tbn0.gstatic.com/images?q=tbn:ANd9GcTPjgwuINe4DN6ALREVgrlPqbixdjHs6ZvAyA&s','2025-12-24 20:25:04','2025-12-24 20:25:04'),(159,'Bread Loaf',NULL,'2025-12-24 20:25:04','2025-12-24 20:25:04'),(160,'Coriander',NULL,'2025-12-24 20:25:04','2025-12-24 20:25:04'),(161,'Meat ','images/ingredients/meat.jpg',NULL,NULL),(162,'Meat ','images/ingredients/meat.jpg',NULL,NULL),(163,'Cheese','https://www.healthyfood.com/wp-content/uploads/2017/03/Guide_to_cheese-1024x851.jpg','2025-12-24 20:25:01','2025-12-24 20:25:01'),(164,'Duck Breast',NULL,'2026-04-26 21:03:52','2026-04-26 21:03:52'),(165,'Cherry Jam',NULL,'2026-04-26 21:03:52','2026-04-26 21:03:52'),(166,'Port Wine',NULL,'2026-04-26 21:03:52','2026-04-26 21:03:52'),(167,'Shallots',NULL,'2026-04-26 21:03:52','2026-04-26 21:03:52'),(168,'Wild Rice',NULL,'2026-04-26 21:03:52','2026-04-26 21:03:52'),(169,'Chicken Broth',NULL,'2026-04-26 21:03:52','2026-04-26 21:03:52'),(170,'Fresh Thyme',NULL,'2026-04-26 21:03:52','2026-04-26 21:03:52'),(171,'Scallops',NULL,'2026-04-26 21:04:18','2026-04-26 21:04:18'),(172,'Pesto',NULL,'2026-04-26 21:04:18','2026-04-26 21:04:18'),(173,'Heavy cream',NULL,'2026-04-26 21:04:18','2026-04-26 21:04:18'),(174,'Fresh parsley',NULL,'2026-04-26 21:04:18','2026-04-26 21:04:18'),(175,'Lemon wedges',NULL,'2026-04-26 21:04:18','2026-04-26 21:04:18'),(176,'Large Shrimp','https://source.unsplash.com/200x200/?shrimp','2026-04-26 21:04:40','2026-04-26 22:39:41'),(177,'Fettuccine Pasta',NULL,'2026-04-26 21:04:40','2026-04-26 21:04:40'),(178,'Pesto Sauce',NULL,'2026-04-26 21:04:40','2026-04-26 21:04:40'),(179,'Lemon Juice',NULL,'2026-04-26 21:04:40','2026-04-26 21:04:40'),(180,'Fresh or Frozen Cherries',NULL,'2026-04-26 21:05:01','2026-04-26 21:05:01'),(181,'Fresh Basil',NULL,'2026-04-26 21:05:23','2026-04-26 21:05:23'),(182,'Pine Nuts',NULL,'2026-04-26 21:05:23','2026-04-26 21:05:23'),(183,'Grana Padano Cheese',NULL,'2026-04-26 21:05:23','2026-04-26 21:05:23'),(184,'Unsalted Butter',NULL,'2026-04-26 21:05:23','2026-04-26 21:05:23'),(185,'Octopus','https://source.unsplash.com/200x200/?octopus','2026-04-26 21:08:41','2026-04-26 23:27:38'),(186,'Red onion','https://source.unsplash.com/200x200/?red-onion','2026-04-26 21:08:41','2026-04-26 23:27:38'),(187,'Jalape├▒o pepper',NULL,'2026-04-26 21:08:41','2026-04-26 21:08:41'),(188,'Lime juice','https://source.unsplash.com/200x200/?lime-juice','2026-04-26 21:08:41','2026-04-26 23:27:39'),(189,'Uncooked white rice','https://source.unsplash.com/200x200/?cooked-white-rice','2026-04-26 21:08:41','2026-04-26 21:39:45'),(190,'Aji amarillo peppers',NULL,'2026-04-26 21:09:23','2026-04-26 21:09:23'),(191,'Mahi Mahi fillets',NULL,'2026-04-26 21:12:41','2026-04-26 21:12:41'),(192,'Saffron threads',NULL,'2026-04-26 21:12:41','2026-04-26 21:12:41'),(193,'Minced garlic',NULL,'2026-04-26 21:12:41','2026-04-26 21:12:41'),(194,'Chopped fresh cilantro',NULL,'2026-04-26 21:12:41','2026-04-26 21:12:41'),(195,'Grated ginger',NULL,'2026-04-26 21:12:41','2026-04-26 21:12:41'),(196,'Garlic powder',NULL,'2026-04-26 21:14:17','2026-04-26 21:14:17'),(197,'Sushi-grade tuna steaks',NULL,'2026-04-26 21:35:49','2026-04-26 21:35:49'),(198,'Gochujang paste','https://source.unsplash.com/200x200/?gochujang','2026-04-26 21:35:49','2026-04-26 23:27:39'),(199,'Brown sugar','https://source.unsplash.com/200x200/?brown-sugar','2026-04-26 21:35:49','2026-04-26 22:39:41'),(200,'Rice vinegar',NULL,'2026-04-26 21:35:49','2026-04-26 21:35:49'),(201,'Garlic, minced','https://source.unsplash.com/200x200/?garlic','2026-04-26 21:35:49','2026-04-26 22:39:41'),(202,'Ginger, grated','https://source.unsplash.com/200x200/?ginger','2026-04-26 21:35:49','2026-04-26 22:39:42'),(203,'Pineapple, diced','https://source.unsplash.com/200x200/?fresh-pineapple','2026-04-26 21:35:49','2026-04-26 21:39:45'),(204,'Red onion, diced',NULL,'2026-04-26 21:35:49','2026-04-26 21:35:49'),(205,'Cilantro, chopped',NULL,'2026-04-26 21:35:49','2026-04-26 21:35:49'),(206,'Sesame oil','https://source.unsplash.com/200x200/?sesame-oil','2026-04-26 21:35:49','2026-04-26 22:39:41'),(207,'Vegetable Oil',NULL,'2026-04-26 21:38:11','2026-04-26 21:38:11'),(208,'Wooden Skewers',NULL,'2026-04-26 21:38:11','2026-04-26 21:38:11'),(209,'Queso Fresco',NULL,'2026-04-26 21:38:11','2026-04-26 21:38:11'),(210,'Extra-Firm Tofu','https://source.unsplash.com/200x200/?tofu-block','2026-04-26 21:39:45','2026-04-26 21:39:45'),(211,'Kimchi','https://source.unsplash.com/200x200/?kimchi-spicy-korean','2026-04-26 21:39:45','2026-04-26 21:39:45'),(212,'Green Onions','https://source.unsplash.com/200x200/?green-onions-chopped','2026-04-26 21:39:45','2026-04-26 21:39:45'),(213,'Crushed Red Pepper','https://source.unsplash.com/200x200/?crushed-red-pepper-flakes','2026-04-26 21:39:45','2026-04-26 21:39:45'),(214,'Fresh Pineapple','https://source.unsplash.com/200x200/?pineapple','2026-04-26 22:39:41','2026-04-26 22:39:41'),(215,'Gochujang Sauce','https://source.unsplash.com/200x200/?gochujang-sauce','2026-04-26 22:39:41','2026-04-26 22:39:41'),(216,'Sesame Seeds','https://source.unsplash.com/200x200/?sesame-seeds','2026-04-26 22:39:42','2026-04-26 22:39:42'),(217,'Chopped Green Onions','https://source.unsplash.com/200x200/?green-onions','2026-04-26 22:39:42','2026-04-26 22:39:42');
/*!40000 ALTER TABLE `ingredients` ENABLE KEYS */;
UNLOCK TABLES;

--
-- Table structure for table `migrations`
--

DROP TABLE IF EXISTS `migrations`;
/*!40101 SET @saved_cs_client     = @@character_set_client */;
/*!40101 SET character_set_client = utf8 */;
CREATE TABLE `migrations` (
  `id` int(10) unsigned NOT NULL AUTO_INCREMENT,
  `migration` varchar(255) NOT NULL,
  `batch` int(11) NOT NULL,
  PRIMARY KEY (`id`)
) ENGINE=InnoDB AUTO_INCREMENT=9 DEFAULT CHARSET=utf8mb4 COLLATE=utf8mb4_unicode_ci;
/*!40101 SET character_set_client = @saved_cs_client */;

--
-- Dumping data for table `migrations`
--

LOCK TABLES `migrations` WRITE;
/*!40000 ALTER TABLE `migrations` DISABLE KEYS */;
INSERT INTO `migrations` VALUES (1,'0001_01_01_000000_create_users_table',1),(2,'2025_12_05_143728_create_categories_table',1),(3,'2025_12_05_143729_create_recipes_table',1),(4,'2025_12_05_143730_create_ingredients_table',1),(5,'2025_12_09_151545_create_recipe_viewers_table',1),(6,'2025_12_09_155000_create_ingredient_recipe_table',1),(7,'2025_12_09_201700_create_sessions_table',1),(8,'2025_12_24_175700_add_servings_and_calories_to_recipes_table',1);
/*!40000 ALTER TABLE `migrations` ENABLE KEYS */;
UNLOCK TABLES;

--
-- Table structure for table `recipe_viewers`
--

DROP TABLE IF EXISTS `recipe_viewers`;
/*!40101 SET @saved_cs_client     = @@character_set_client */;
/*!40101 SET character_set_client = utf8 */;
CREATE TABLE `recipe_viewers` (
  `id` bigint(20) unsigned NOT NULL AUTO_INCREMENT,
  `user_id` bigint(20) unsigned NOT NULL,
  `recipe_id` bigint(20) unsigned NOT NULL,
  `created_at` timestamp NULL DEFAULT NULL,
  `updated_at` timestamp NULL DEFAULT NULL,
  PRIMARY KEY (`id`),
  KEY `recipe_viewers_user_id_foreign` (`user_id`),
  KEY `recipe_viewers_recipe_id_foreign` (`recipe_id`),
  CONSTRAINT `recipe_viewers_recipe_id_foreign` FOREIGN KEY (`recipe_id`) REFERENCES `recipes` (`id`) ON DELETE CASCADE,
  CONSTRAINT `recipe_viewers_user_id_foreign` FOREIGN KEY (`user_id`) REFERENCES `users` (`id`) ON DELETE CASCADE
) ENGINE=InnoDB AUTO_INCREMENT=52 DEFAULT CHARSET=utf8mb4 COLLATE=utf8mb4_unicode_ci;
/*!40101 SET character_set_client = @saved_cs_client */;

--
-- Dumping data for table `recipe_viewers`
--

LOCK TABLES `recipe_viewers` WRITE;
/*!40000 ALTER TABLE `recipe_viewers` DISABLE KEYS */;
INSERT INTO `recipe_viewers` VALUES (1,2,30,'2025-12-24 23:38:24','2025-12-24 23:38:24'),(2,2,27,'2025-12-24 23:38:39','2025-12-24 23:38:39'),(3,2,28,'2025-12-24 23:38:43','2025-12-24 23:38:43'),(4,2,32,'2025-12-24 23:38:46','2025-12-24 23:38:46'),(5,2,29,'2025-12-24 23:38:55','2025-12-24 23:38:55'),(6,2,31,'2025-12-24 23:59:40','2025-12-24 23:59:40'),(7,2,5,'2025-12-25 00:07:16','2025-12-25 00:07:16'),(9,2,59,'2025-12-25 00:39:02','2025-12-25 00:39:02'),(10,1,41,'2025-12-25 14:04:33','2025-12-25 14:04:33'),(11,1,38,'2025-12-25 14:08:19','2025-12-25 14:08:19'),(12,1,39,'2025-12-25 14:09:31','2025-12-25 14:09:31'),(13,1,37,'2025-12-25 14:12:56','2025-12-25 14:12:56'),(14,1,43,'2025-12-25 14:13:02','2025-12-25 14:13:02'),(15,1,50,'2025-12-25 14:13:11','2025-12-25 14:13:11'),(16,1,51,'2025-12-25 14:14:56','2025-12-25 14:14:56'),(17,1,49,'2025-12-25 14:15:00','2025-12-25 14:15:00'),(18,1,47,'2025-12-25 14:16:50','2025-12-25 14:16:50'),(19,1,52,'2025-12-25 14:20:27','2025-12-25 14:20:27'),(20,1,56,'2025-12-25 14:21:37','2025-12-25 14:21:37'),(21,1,5,'2025-12-25 14:21:47','2025-12-25 14:21:47'),(22,1,57,'2025-12-25 14:23:21','2025-12-25 14:23:21'),(23,1,8,'2025-12-25 14:25:04','2025-12-25 14:25:04'),(24,1,14,'2025-12-25 14:25:09','2025-12-25 14:25:09'),(25,1,20,'2025-12-25 14:27:44','2025-12-25 14:27:44'),(26,1,26,'2025-12-25 14:30:50','2025-12-25 14:30:50'),(27,1,25,'2025-12-25 14:31:40','2025-12-25 14:31:40'),(28,1,7,'2025-12-26 14:25:36','2025-12-26 14:25:36'),(29,1,9,'2025-12-26 14:26:04','2025-12-26 14:26:04'),(30,1,27,'2025-12-26 14:28:50','2025-12-26 14:28:50'),(31,1,46,'2025-12-26 14:35:48','2025-12-26 14:35:48'),(32,1,29,'2025-12-26 14:39:30','2025-12-26 14:39:30'),(33,2,26,'2025-12-27 12:17:50','2025-12-27 12:17:50'),(34,2,1,'2025-12-27 12:18:26','2025-12-27 12:18:26'),(35,1,15,'2025-12-27 12:22:24','2025-12-27 12:22:24'),(36,1,23,'2026-04-26 19:24:25','2026-04-26 19:24:25'),(38,1,61,'2026-04-26 21:04:18','2026-04-26 21:04:18'),(39,1,62,'2026-04-26 21:04:40','2026-04-26 21:04:40'),(41,1,64,'2026-04-26 21:05:23','2026-04-26 21:05:23'),(42,1,65,'2026-04-26 21:08:42','2026-04-26 21:08:42'),(43,1,66,'2026-04-26 21:09:23','2026-04-26 21:09:23'),(44,1,67,'2026-04-26 21:12:42','2026-04-26 21:12:42'),(45,1,70,'2026-04-26 21:38:12','2026-04-26 21:38:12'),(46,1,71,'2026-04-26 21:39:46','2026-04-26 21:39:46'),(47,1,72,'2026-04-26 22:39:42','2026-04-26 22:39:42'),(48,1,59,'2026-04-26 22:40:30','2026-04-26 22:40:30'),(49,1,31,'2026-04-26 22:56:21','2026-04-26 22:56:21'),(50,1,24,'2026-04-26 22:56:31','2026-04-26 22:56:31'),(51,1,73,'2026-04-26 23:27:39','2026-04-26 23:27:39');
/*!40000 ALTER TABLE `recipe_viewers` ENABLE KEYS */;
UNLOCK TABLES;

--
-- Table structure for table `recipes`
--

DROP TABLE IF EXISTS `recipes`;
/*!40101 SET @saved_cs_client     = @@character_set_client */;
/*!40101 SET character_set_client = utf8 */;
CREATE TABLE `recipes` (
  `id` bigint(20) unsigned NOT NULL AUTO_INCREMENT,
  `user_id` bigint(20) unsigned NOT NULL,
  `title` varchar(255) NOT NULL,
  `description` text NOT NULL,
  `instructions` longtext NOT NULL,
  `prep_time` int(11) NOT NULL,
  `image_path` varchar(255) DEFAULT NULL,
  `category_id` bigint(20) unsigned NOT NULL,
  `created_at` timestamp NULL DEFAULT NULL,
  `updated_at` timestamp NULL DEFAULT NULL,
  `servings` int(11) NOT NULL DEFAULT 1,
  `calories` int(11) DEFAULT NULL,
  PRIMARY KEY (`id`),
  KEY `recipes_user_id_foreign` (`user_id`),
  KEY `recipes_category_id_foreign` (`category_id`),
  CONSTRAINT `recipes_category_id_foreign` FOREIGN KEY (`category_id`) REFERENCES `categories` (`id`) ON DELETE CASCADE,
  CONSTRAINT `recipes_user_id_foreign` FOREIGN KEY (`user_id`) REFERENCES `users` (`id`) ON DELETE CASCADE
) ENGINE=InnoDB AUTO_INCREMENT=74 DEFAULT CHARSET=utf8mb4 COLLATE=utf8mb4_unicode_ci;
/*!40101 SET character_set_client = @saved_cs_client */;

--
-- Dumping data for table `recipes`
--

LOCK TABLES `recipes` WRITE;
/*!40000 ALTER TABLE `recipes` DISABLE KEYS */;
INSERT INTO `recipes` VALUES (1,1,'Classic Margherita Pizza','A delicious Classic Margherita Pizza recipe.','Preheat your oven to its highest setting (usually 250┬░C/480┬░F).\nRoll out the pizza dough on a floured surface to your desired thickness.\nSpread a thin layer of tomato sauce over the base, leaving a crust at the edges.\nTear fresh mozzarella and basil evenly over the sauce.\nBake for 10-12 minutes until the crust is golden and cheese is bubbly.\nTop with fresh basil leaves before serving.',45,'https://images.unsplash.com/photo-1574071318508-1cdbab80d002',1,'2025-12-24 20:25:03','2025-12-24 20:25:03',2,600),(2,1,'Creamy Carbonara','A delicious Creamy Carbonara recipe.','Bring a large pot of salted water to a boil and cook spaghetti until al dente.\nWhile pasta cooks, fry pancetta in a pan until crisp and golden.\nIn a bowl, whisk eggs with grated Pecorino/Parmesan cheese and black pepper.\nDrain pasta, reserving some cooking water. Toss pasta directly into the pancetta pan.\nRemove from heat. Quickly mix in the egg mixture, adding pasta water to create a creamy sauce.\nServe immediately with extra black pepper.',20,'https://images.unsplash.com/photo-1612874742237-6526221588e3',1,'2025-12-24 20:25:03','2025-12-24 20:25:03',2,550),(3,1,'Mushroom Risotto','A delicious Mushroom Risotto recipe.','Saut├⌐ sliced mushrooms in butter/oil until browned; set aside.\nIn the same pan, toast Arborio rice for 1-2 minutes until translucent at edges.\nAdd warm broth one ladle at a time, stirring constantly until absorbed.\nContinue this process for about 20 minutes until rice is creamy but al dente.\nStir the mushrooms back in, add parmesan and butter, and serve warm.',40,'https://images.unsplash.com/photo-1476124369491-e7addf5db371',1,'2025-12-24 20:25:03','2025-12-24 20:25:03',4,500),(4,1,'Lasagna Classico','A delicious Lasagna Classico recipe.','Preheat oven to 180┬░C (350┬░F).\nSpread a thin layer of meat sauce on the bottom of a baking dish.\nLayer lasagna sheets, meat sauce, bechamel, and parmesan.\nRepeat layers until all ingredients are used, finishing with bechamel and cheese.\nBake for 40-45 minutes until golden brown and bubbly. Let rest for 10 mins before slicing.',90,'images/ingredients/Pizza Dough.jpg',1,'2025-12-24 20:25:03','2025-12-24 20:25:03',6,700),(5,1,'Caprese Salad','A delicious Caprese Salad recipe.','Slice fresh mozzarella and tomatoes into even rounds.\nOn a large platter, arrange tomato and cheese slices in an alternating pattern.\nTuck fresh basil leaves between the slices.\nDrizzle generously with extra virgin olive oil and balsamic glaze.\nSprinkle with sea salt and black pepper before serving.',10,'https://encrypted-tbn0.gstatic.com/images?q=tbn:ANd9GcR9CP_rsUBdT0i1DrggRLkbq65cMbaMh-LT2g&s',1,'2025-12-24 20:25:03','2025-12-24 20:25:03',2,250),(6,1,'Sushi Roll Platter','A delicious Sushi Roll Platter recipe.','Rinse sushi rice until water runs clear, then cook according to package instructions.\nSeason cooked rice with sushi vinegar, sugar, and salt while fanning to cool.\nPlace a sheet of Nori on a bamboo mat and spread a thin layer of rice.\nArranged your choice of fish or vegetables in a line across the center.\nRoll the mat tightly away from you to form a cylinder.\nSlice into bite-sized pieces with a sharp wet knife.',60,'https://images.unsplash.com/photo-1579871494447-9811cf80d66c',2,'2025-12-24 20:25:03','2025-12-24 20:25:03',2,400),(7,1,'Spicy Ramen','A delicious Spicy Ramen recipe.','Bring chicken or pork broth to a simmer; add soy sauce, miso, and chili oil to taste.\nIn a separate pot, boil ramen noodles for 2-3 minutes until chewy; drain.\nSoft boil an egg (6-7 minutes), peel, and slice in half.\nPlace noodles in a bowl, pour over the hot broth.\nTop with egg, sliced green onions, nori, and sesame seeds.',30,'https://images.unsplash.com/photo-1569718212165-3a8278d5f624',2,'2025-12-24 20:25:03','2025-12-24 20:25:03',1,450),(8,1,'Chicken Pad Thai','A delicious Chicken Pad Thai recipe.','Soak rice noodles in warm water for 20 minutes until flexible.\nSear chicken pieces in a hot wok until cooked through; push to side.\nCrack an egg into the wok and scramble.\nAdd soaked noodles and tamarind sauce, tossing vigorously to coat.\nTop with crushed peanuts, bean sprouts, and a squeeze of lime.',25,'https://images.unsplash.com/photo-1559314809-0d155014e29e',2,'2025-12-24 20:25:03','2025-12-24 20:25:03',2,500),(9,1,'Beef Stir Fry','A delicious Beef Stir Fry recipe.','Slice beef against the grain into thin strips.\nHeat oil in a wok until smoking; sear beef batches for 1-2 mins.\nRemove beef, add broccoli and other veggies; stir-fry for 3-4 mins.\nReturn beef to the pan, add soy sauce, ginger, and garlic.\nToss everything together for 1 minute and serve over rice.',20,'https://images.unsplash.com/photo-1512058564366-18510be2db19',2,'2025-12-24 20:25:03','2025-12-24 20:25:03',2,400),(10,1,'Vietnamese Pho','A delicious Vietnamese Pho recipe.','Roast ginger and onion until charred; toast aromatic spices (anise, cloves).\nSimmer beef bones with charred aromatics for at least 3-4 hours.\nStrain broth and season with fish sauce and sugar.\nPlace cooked rice noodles and thin slices of raw beef in a bowl.\nPour boiling broth over the beef to cook it instantly. Garnish with fresh herbs.',120,'https://images.unsplash.com/photo-1582878826629-29b7ad1cdc43',2,'2025-12-24 20:25:03','2025-12-24 20:25:03',4,450),(11,1,'Street Tacos','A delicious Street Tacos recipe.','Marinate steak in citrus and spices provided in the ingredients.\nGrill meat over high heat until charred; let rest, then chop.\nWarm corn tortillas on a dry skillet until pliable.\nFill each tortilla with a generous amount of chopped meat.\nTop with diced white onion, fresh cilantro, salsa, and lime juice.',20,'https://images.unsplash.com/photo-1565299585323-38d6b0865b47',3,'2025-12-24 20:25:03','2025-12-24 20:25:03',3,400),(12,1,'Loaded Nachos','A delicious Loaded Nachos recipe.','Preheat oven to 200┬░C (400┬░F).\nSpread tortilla chips in a single layer on a baking sheet.\nGenerously sprinkle shredded cheese over the chips.\nAdd sliced jalapenos, black beans, or cooked beef if desired.\nBake for 5-7 minutes until cheese is fully melted. Serve with salsa and sour cream.',15,'https://images.unsplash.com/photo-1513456852971-30c0b8199d4d',3,'2025-12-24 20:25:03','2025-12-24 20:25:03',4,600),(13,1,'Chicken Quesadilla','A delicious Chicken Quesadilla recipe.','Place a large flour tortilla on a heated skillet.\nSprinkle half of the tortilla with shredded cheese and cooked chicken.\nFold the tortilla in half over the filling.\nCook for 2-3 minutes per side until golden brown and crispy.\nSlice into wedges and serve with guacamole or salsa.',10,'https://images.unsplash.com/photo-1618040996337-56904b7850b9',3,'2025-12-24 20:25:03','2025-12-24 20:25:03',2,500),(14,1,'Guacamole & Chips','A delicious Guacamole & Chips recipe.','Cut ripe avocados in half, remove pit, and scoop flesh into a bowl.\nMash with a fork to your desired consistency (chunky or smooth).\nSqueeze in juice of one fresh lime and season with salt.\nFold in diced onions, cilantro, and tomatoes if available.\nServe immediately with fresh tortilla chips.',10,'https://recipecontent.fooby.ch/11662_10-9_480-432@2x.jpg',3,'2025-12-24 20:25:03','2025-12-24 20:25:03',4,300),(15,1,'Royal Couscous','A delicious Royal Couscous recipe.','Prepare couscous by steaming or soaking in boiling water/stock with butter.\nIn a large pot, saut├⌐ onions, spices (cumin, turmeric), and root vegetables.\nAdd chickpeas, zucchini, and broth; simmer until vegetables are tender.\nFluff the couscous with a fork to remove any lumps.\nMound couscous on a platter and arrange the vegetable stew on top.',40,'images/ingredients/Couscous.jpg',4,'2025-12-24 20:25:03','2025-12-24 20:25:03',4,500),(16,1,'Falafel Wrap','A delicious Falafel Wrap recipe.','Deep fry or bake falafel balls until dark golden brown and crispy.\nWarm pita bread in a pan or oven until soft and pliable.\nLayer pita with hummus, lettuce, tomatoes, and cucumber.\nPlace 3 hot falafel balls in each pita gently smashing them.\nDrizzle generously with tahini sauce and roll up tight.',30,'images/ingredients/falafel.jpg',4,'2025-12-24 20:25:03','2025-12-24 20:25:03',2,450),(17,1,'Hummus Plate','A delicious Hummus Plate recipe.','Drain chickpeas (reserving liquid) and blend with tahini, lemon juice, and garlic.\nAdd cold water or aquafaba gradually while blending for fluffiness.\nSpoon onto a shallow plate, using a spoon to create swirls.\nTop with olive oil, paprika, parsley, and whole chickpeas.\nServe immediately with warm pita bread or veggie sticks.',10,'https://images.unsplash.com/photo-1637949385162-e416fb15b2ce',4,'2025-12-24 20:25:03','2025-12-24 20:25:03',2,300),(18,1,'Classic Cheeseburger','A delicious Classic Cheeseburger recipe.','Form beef into a patty slightly wider than your bun; season well with salt/pepper.\nGrill or fry on high heat for 3-4 minutes per side for medium.\nAdd cheese slice in the last minute of cooking; cover to melt.\nToast the bun until golden brown on the cut sides.\nAssemble burger with lettuce, tomato, pickles, and preferred condiments.',20,'https://images.unsplash.com/photo-1568901346375-23c9450c58cd',5,'2025-12-24 20:25:03','2025-12-24 20:25:03',1,700),(19,1,'Mac and Cheese','A delicious Mac and Cheese recipe.','Boil macaroni in plenty of salted water until al dente; drain.\nMelt butter in a pan, whisk in flour, then slowly add milk to make a b├⌐chamel.\nRemove sauce from heat and stir in grated cheddar until fully melted and smooth.\nCombine pasta with the cheese sauce, ensuring every noodle is coated.\nOptional: Top with breadcrumbs and bake for 15 minutes for a crispy crust.',30,'https://images.unsplash.com/photo-1543339308-43e59d6b73a6',5,'2025-12-24 20:25:03','2025-12-24 20:25:03',4,600),(20,1,'BBQ Ribs','A delicious BBQ Ribs recipe.','Remove membrane from ribs and coat thoroughly with dry spice rub.\nWrap in foil and bake low and slow at 150┬░C (300┬░F) for 2.5 - 3 hours.\nUnwrap ribs and brush generously with BBQ sauce.\nBroil or grill on high heat for 5-10 minutes to caramelize the sauce.\nLet rest for 10 minutes before slicing between the bones.',180,'https://www.southernliving.com/thmb/J02EQeOhOKHfmALt-jE_61idUck=/1500x0/filters:no_upscale():max_bytes(150000):strip_icc()/oven-baked-baby-back-ribs-beauty-332-7deda00b7b4f4820a9c79f13ed09cfb9.jpg',5,'2025-12-24 20:25:03','2025-12-24 20:25:03',4,800),(21,1,'Grilled Cheese','A delicious Grilled Cheese recipe.','Butter one side of each slice of bread completely.\nPlace one slice butter-side down in a skillet over medium-low heat.\nAdd a generous amount of cheese and top with the second slice (butter-side up).\nCook until bottom is golden, then flip and cook the other side.\nSlice diagonally and serve hot while cheese is gooey.',10,'https://images.unsplash.com/photo-1528735602780-2552fd46c7af',5,'2025-12-24 20:25:03','2025-12-24 20:25:03',1,400),(22,1,'Caesar Salad','A delicious Caesar Salad recipe.','Wash and chop Romaine lettuce into bite-sized pieces; dry darker leaves.\nToss lettuce in a large bowl with Caesar dressing until evenly coated.\nAdd croutons and toss again gently.\nTop with plenty of shaved Parmesan cheese and fresh cracked black pepper.\nFor a protein boost, add sliced grilled chicken breast or shrimp.',15,'https://images.unsplash.com/photo-1550304943-4f24f54ddde9',5,'2025-12-24 20:25:03','2025-12-24 20:25:03',2,350),(23,1,'Fluffy Pancakes','A delicious Fluffy Pancakes recipe.','In a bowl, mix flour, sugar, baking powder, and a pinch of salt.\nIn another bowl, whisk milk, egg, and melted butter.\nCombine wet and dry ingredients gently; do not overmix (lumps are okay).\nPour batter onto a hot, buttered griddle.\nFlip when bubbles form on the surface; cook until golden brown.',20,'https://images.unsplash.com/photo-1567620905732-2d1ec7ab7445',6,'2025-12-24 20:25:03','2025-12-24 20:25:03',2,400),(24,1,'French Toast','A delicious French Toast recipe.','Whisk eggs, milk, cinnamon, and a splash of vanilla in a shallow dish.\nDip each slice of bread into the mixture, ensuring both sides are soaked.\nMelt butter in a pan over medium heat.\nFry bread for 2-3 minutes per side until golden and slightly crispy.\nServe immediately, dusted with powdered sugar and maple syrup.',15,'https://images.unsplash.com/photo-1484723091739-30a097e8f929',6,'2025-12-24 20:25:03','2025-12-24 20:25:03',2,450),(25,1,'Eggs Benedict','A delicious Eggs Benedict recipe.','Split and toast English muffins.\nPoach eggs in simmering water with vinegar for 3-4 minutes (soft yolk).\nCook Canadian bacon or ham in a skillet.\nPlace meat on muffin, top with poached egg.\nPour warm Hollandaise sauce over the top and garnish with chives.',30,'https://encrypted-tbn0.gstatic.com/images?q=tbn:ANd9GcQE_9i1MYWwZ8WFSzg9H7JT0yYtTIeSVHWyoA&s',6,'2025-12-24 20:25:03','2025-12-24 20:25:03',2,500),(26,1,'Chocolate Lava Cake','A delicious Chocolate Lava Cake recipe.','Preheat oven to 200┬░C (400┬░F). Grease and flour ramekins.\nMelt chocolate and butter together in a double boiler or microwave.\nWhisk eggs and sugar until pale; fold into the chocolate mixture.\nStir in flour just until combined; pour batter into ramekins.\nBake for 12-14 minutesΓÇösides should be firm but center soft. Serve warm.',25,'https://encrypted-tbn0.gstatic.com/images?q=tbn:ANd9GcQkD7OSbyvoEzYoqjoEAjzRxlV0QUXQ7E2M9g&s',7,'2025-12-24 20:25:03','2025-12-24 20:25:03',2,500),(27,1,'Strawberry Cheesecake','A delicious Strawberry Cheesecake recipe.','Crush biscuits and mix with melted butter; press into bottom of a springform pan.\nBeat cream cheese, sugar, and vanilla until smooth and creamy.\nPour filling over the crust and smooth the top with a spatula.\nRefrigerate for at least 4 hours or overnight until set.\nTop with fresh sliced strawberries and glaze before serving.',60,'https://images.unsplash.com/photo-1533134242443-d4fd215305ad',7,'2025-12-24 20:25:04','2025-12-24 20:25:04',8,450),(28,1,'Apple Pie','A delicious Apple Pie recipe.','Peel, core, and slice apples; toss with sugar and cinnamon.\nLine a pie dish with one crust; fill with the apple mixture.\nTop with the second crust, seal edges, and cut slits for steam to escape.\nBrush top with egg wash and sprinkle with sugar.\nBake at 190┬░C (375┬░F) for 45-50 minutes until golden and bubbling.',60,'images/ingredients/Pie Crust.jpg',7,'2025-12-24 20:25:04','2025-12-24 20:25:04',8,400),(29,1,'Tiramisu','A delicious Tiramisu recipe.','Brew strong espresso and let cool mixed with a splash of liqueur (optional).\nWhisk mascarpone with sugar and egg yolks until creamy.\nQuickly dip ladyfingers in coffee (don\'t soak) and layer in a dish.\nSpread half the mascarpone mixture over the fingers; repeat layers.\nDust top generously with cocoa powder and chill for 4 hours.',40,'images/ingredients/Tiramisu.jpg',7,'2025-12-24 20:25:04','2025-12-24 20:25:04',6,500),(30,1,'Quinoa Salad','A delicious Quinoa Salad recipe.','Rinse quinoa and cook in water/stock for 15 minutes; fluff and cool.\nDice cucumber, tomatoes, and red onion into small pieces.\nWhisk lemon juice, olive oil, salt, and pepper for the dressing.\nToss quinoa with veggies and dressing in a large bowl.\nGarnish with fresh parsley or mint and serve chilled.',20,'https://images.unsplash.com/photo-1623428187969-5da2dcea5ebf',8,'2025-12-24 20:25:04','2025-12-24 20:25:04',2,300),(31,1,'Green Smoothie Bowl','A delicious Green Smoothie Bowl recipe.','Freeze banana slices for at least 2 hours for a thick texture.\nBlend spinach, frozen banana, and a splash of almond milk until smooth.\nPour into a bowl; the consistency should be like soft-serve ice cream.\nTop with chia seeds, granola, fresh berries, and coconut flakes.\nServe immediately with a spoon.',10,'images/ingredients/GreenSmoothieBowl.jpeg',8,'2025-12-24 20:25:04','2025-12-24 20:25:04',1,250),(32,1,'Roasted Veggies','A delicious Roasted Veggies recipe.','Preheat oven to 200┬░C (400┬░F).\nWash and chop carrots, potatoes, and other root veggies into uniform chunks.\nToss veggies in a bowl with olive oil, rosemary, thyme, salt, and pepper.\nSpread in a single layer on a baking sheet; do not crowd.\nRoast for 35-40 minutes, tossing halfway, until golden and tender.',40,'https://images.unsplash.com/photo-1518843875459-f738682238a6',8,'2025-12-24 20:25:04','2025-12-24 20:25:04',4,200),(33,1,'Indian Butter Chicken','A delicious Indian Butter Chicken recipe.','Marinate chicken chunks in yogurt and spices for 1 hour.\nPan-fry chicken until browned but not fully cooked; set aside.\nIn the same pan, simmer tomato pur├⌐e with butter, cream, and fenugreek.\nReturn chicken to the sauce and simmer for 15 minutes.\nServe hot with naan bread or basmati rice.',50,'https://images.unsplash.com/photo-1588166524941-3bf61a9c41db',2,'2025-12-24 20:25:04','2025-12-24 20:25:04',4,600),(34,1,'Spanish Paella','A delicious Spanish Paella recipe.','Saut├⌐ onions, garlic, and peppers in a large paella pan.\nAdd rice and toast for a minute; stir in saffron infused broth.\nArrange seafood (shrimp, mussels) on top of the rice.\nSimmer without stirring until liquid is absorbed and a crust forms (socarrat).\nLet rest for 5 minutes before serving with lemon wedges.',60,'https://images.unsplash.com/photo-1534080564583-6be75777b70a',9,'2025-12-24 20:25:04','2025-12-24 20:25:04',6,550),(35,1,'Greek Gyros','A delicious Greek Gyros recipe.','Marinate meat with oregano, garlic, and lemon juice.\nGrill or pan-fry meat until cooked through and slightly charred.\nWarm pita breads lightly.\nSpread tzatziki on pita; top with meat, tomato, onion, and fries.\nWrap tightly in foil to hold everything together.',30,'https://images.unsplash.com/photo-1529006557810-274b9b2fc783',9,'2025-12-24 20:25:04','2025-12-24 20:25:04',2,500),(36,1,'French Onion Soup','A delicious French Onion Soup recipe.','Slice onions thinly and caramelize slowly in butter for 45 mins.\nAdd beef broth, thyme, and a splash of wine; simmer for 20 mins.\nLadle soup into oven-safe bowls.\nTop each bowl with a slice of toasted baguette and grated Gruy├¿re.\nBroil until cheese is bubbly and browned.',60,'https://images.unsplash.com/photo-1604152135912-04a022e23696?auto=format&fit=crop&w=400&q=80',9,'2025-12-24 20:25:04','2025-12-24 20:25:04',4,300),(37,1,'Fish and Chips','A delicious Fish and Chips recipe.','Heat oil in a deep fryer or large pot to 180┬░C (350┬░F).\nMake a beer batter with flour, baking powder, and cold beer.\nDip fish fillets into batter and carefully lower into hot oil.\nFry for 4-5 minutes until crisp and golden; drain on paper towels.\nFry potato strips twice for extra crispy chips. Serve with tartar sauce.',30,'images/ingredients/FishandChips.jpeg',9,'2025-12-24 20:25:04','2025-12-24 20:25:04',2,700),(38,1,'Ratatouille','A delicious Ratatouille recipe.','Spread a layer of piperade (pepper/tomato sauce) in a baking dish.\nSlice eggplant, zucchini, squash, and tomatoes into thin rounds.\nArrange vegetable slices in a spiral pattern over the sauce.\nDrizzle with olive oil and herbs de Provence; cover with parchment.\nBake at 150┬░C (300┬░F) for 45-60 mins. Serve warm or cold.',60,'https://images.unsplash.com/photo-1572453800999-e8d2d1589b7c',9,'2025-12-24 20:25:04','2025-12-24 20:25:04',4,250),(39,1,'Empanadas','A delicious Empanadas recipe.','Saut├⌐ beef mince with onions, cumin, paprika, and chopped green olives.\nRoll out pastry discs and place a spoonful of filling in the center.\nFold the dough over to create a half-moon shape; crimp edges with a fork.\nBrush with egg wash for a golden finish.\nBake at 200┬░C (400┬░F) for 20-25 minutes until puffed and golden brown.',60,'images/ingredients/Empanadas.jpg',10,'2025-12-24 20:25:04','2025-12-24 20:25:04',4,350),(40,1,'Ceviche','A delicious Ceviche recipe.','Cut fresh, high-quality white fish into small, even cubes.\nPlace fish in a glass bowl and cover completely with freshly squeezed lime juice.\nRefrigerate for 15-20 minutes until the fish turns opaque (\'cooks\').\nMix in finely diced red onion, chili peppers, and chopped cilantro.\nServe immediately with corn nuts or sweet potato slices.',20,'https://images.unsplash.com/photo-1535400255456-984241443b29',10,'2025-12-24 20:25:04','2025-12-24 20:25:04',2,200),(41,1,'Feijoada','A delicious Feijoada recipe.','Soak black beans overnight; drain and rinse.\nIn a large heavy pot, saut├⌐ bacon and onions until fragrant.\nAdd beans, pork cuts (sausage, ribs, loin), and water; simmer gently for 2-3 hours.\nCook until beans are creamy and meat is falling off the bone.\nServe over white rice with collard greens and orange slices.',180,'images/ingredients/Feijoada.jpg',10,'2025-12-24 20:25:04','2025-12-24 20:25:04',6,700),(42,1,'Arepas','A delicious Arepas recipe.','Mix pre-cooked corn flour (masharepa) with warm water and salt.\nKnead until smooth and let rest for 5 minutes.\nForm dough into patties about 1cm thick.\nCook on a lightly oiled griddle for 5-7 mins per side until crusty.\nSlice open hot arepas and stuff with butter and shredded cheese.',30,'images/ingredients/Arepas.jpg',10,'2025-12-24 20:25:04','2025-12-24 20:25:04',4,300),(43,1,'Jollof Rice','A delicious Jollof Rice recipe.','Blend tomatoes, scotch bonnet peppers, and onions into a smooth paste.\nFry the tomato mixture in oil with curry powder and thyme until reduced.\nStir in washed rice and chicken stock; cover tightly with foil and a lid.\nSimmer on low heat for 20-30 minutes so rice steams in the stew.\nFluff with a fork and serve with fried plantains.',60,'images/ingredients/Couscous.jpg',11,'2025-12-24 20:25:04','2025-12-24 20:25:04',4,450),(44,1,'Bunny Chow','A delicious Bunny Chow recipe.','Prepare a rich mutton or vegetable bean curry with aromatic spices.\nCut a loaf of unsliced white bread in half or quarters.\nHollow out the soft center (crumb), leaving the crust as a bowl.\nLadl hot curry into the bread bowl and top with the scooped-out bread.\nGarnish with coriander and eat with your hands.',45,'https://images.unsplash.com/photo-1596797038530-2c107229654b?auto=format&fit=crop&w=600&q=80',11,'2025-12-24 20:25:04','2025-12-24 20:25:04',2,600),(45,1,'Shakshuka','A delicious Shakshuka recipe.','Saut├⌐ onions, bell peppers, and garlic in a skillet until soft.\nPour in canned tomatoes, cumin, paprika, and chili flakes; simmer for 10 mins.\nMake small wells in the sauce with a spoon and crack eggs into them.\nCover pan and cook until whites are set but yolks are runny.\nSprinkle with feta cheese and parsley; serve with crusty bread.',30,'https://images.unsplash.com/photo-1590412200988-a436970781fa',11,'2025-12-24 20:25:04','2025-12-24 20:25:04',2,350),(46,1,'Tagine','A delicious Tagine recipe.','Brown chicken pieces in a tagine or heavy pot.\nAdd onions, ginger, cinnamon, saffron, and stock.\nStir in dried apricots and almonds; cover and simmer low for 45 mins.\nCook until chicken is tender and sauce has thickened.\nServe hot over fluffy couscous, garnished with fresh cilantro.',90,'images/ingredients/Tagine.jpg',11,'2025-12-24 20:25:04','2025-12-24 20:25:04',4,500),(47,1,'Pierogi','A delicious Pierogi recipe.','Make a simple dough with flour, water, egg, and salt; let rest.\nPrepare filling by mashing boiled potatoes with cheese and fried onions.\nRoll dough thin and cut circles; place filling in center and fold to seal.\nBoil in salted water until they float to the surface.\nSear in a pan with butter and serve with sour cream.',60,'https://img.mesrecettesfaciles.fr/2023-06/pierogi-xny-1200.webp',9,'2025-12-24 20:25:04','2025-12-24 20:25:04',4,400),(48,1,'Borsch','A delicious Borsch recipe.','Simmer beef to create a rich broth; skim foam.\nAdd diced potatoes and shredded cabbage to the broth.\nSaut├⌐ grated beets, carrots, and onions with tomato paste separately.\nSpecifically add saut├⌐ed veggies to the pot and cook until tender.\nFinish with fresh dill, garlic, and a dollop of sour cream when serving.',90,'images/ingredients/Tagine.jpg',9,'2025-12-24 20:25:04','2025-12-24 20:25:04',6,250),(49,1,'Goulash','A delicious Goulash recipe.','Fry chopped onions in lard or oil until golden.\nAdd cubed beef and brown on all sides; remove from heat to stir in paprika.\nAdd water/stock, caraway seeds, and simmer covered for 1.5 - 2 hours.\nAdd cubed carrots and potatoes in the last 30 minutes.\nServe the thick stew with bread or dumplings.',120,'https://images.unsplash.com/photo-1604908176997-125f25cc6f3d',9,'2025-12-24 20:25:04','2025-12-24 20:25:04',4,500),(50,1,'Bubble Tea','A delicious Bubble Tea recipe.','Boil tapioca pearls for 20 mins until chewy; soak in sugar syrup.\nBrew strong black tea and let it cool completely.\nPour pearls and syrup into a glass.\nAdd ice cubes and pour tea over the ice.\nTop with milk or cream and insert a wide straw.',15,'https://images.unsplash.com/photo-1558160074-4d7d8bdf4256',2,'2025-12-24 20:25:04','2025-12-24 20:25:04',1,300),(51,1,'Churros','A delicious Churros recipe.','Boil water, butter, and sugar; stir in flour to make a dough.\nLet dough cool slightly, then beat in eggs one by one.\nPipe strips of dough into hot oil using a star nozzle.\nFry until golden brown and drain on paper towels.\nRoll warm churros in cinnamon sugar mix.',30,'images/ingredients/Churros.jpg',7,'2025-12-24 20:25:04','2025-12-24 20:25:04',4,450),(52,1,'Belgian Waffles','A delicious Belgian Waffles recipe.','Mix flour, yeast, milk, and eggs to form a sticky dough.\nLet dough rise in a warm place for 30 minutes.\nFold in pearl sugar chunks right before cooking.\nScoop dough onto a hot waffle iron.\nCook until caramelized and crispy.',20,'https://images.unsplash.com/photo-1562376552-0d160a2f238d',7,'2025-12-24 20:25:04','2025-12-24 20:25:04',2,500),(53,1,'Mango Sticky Rice','A delicious Mango Sticky Rice recipe.','Soak glutinous rice, then steam for 20 minutes.\nSimmer coconut milk with sugar and salt; mix half into cooked rice.\nLet rice sit for 10 minutes to absorb liquid.\nSlice ripe sweet mango.\nServe rice topped with remaining coconut sauce and mango slices.',40,'https://images.unsplash.com/photo-1579954115545-a95591f28bfc',2,'2025-12-24 20:25:04','2025-12-24 20:25:04',2,400),(54,1,'Spring Rolls','A delicious Spring Rolls recipe.','Cook shrimp and vermicelli noodles; let cool.\nDip rice paper wrapper briefly in warm water to soften.\nLay herbs, shrimp, and noodles in the center of the wrapper.\nFold sides in and roll tightly into a cylinder.\nServe fresh with hoisin or peanut dipping sauce.',40,'images/ingredients/SpringRolls.jpg',2,'2025-12-24 20:25:04','2025-12-24 20:25:04',4,300),(55,1,'Kebab','A delicious Kebab recipe.','Mix lamb mince with garlic, cumin, coriander, and chili.\nKnead mixture well until sticky.\nMold handfuls of meat onto skewers in a long sausage shape.\nGrill over charcoal or in a pan, turning often.\nServe with flatbread, yogurt, and pickled onions.',30,'https://images.unsplash.com/photo-1555939594-58d7cb561ad1',4,'2025-12-24 20:25:04','2025-12-24 20:25:04',2,500),(56,1,'Miso Soup','A delicious Miso Soup recipe.','Bring dashi stock to a gentle simmer (do not boil hard).\nAdd cubed tofu and rehydrated wakame seaweed.\nPlace miso paste in a ladle and dissolve with some hot broth.\nStir dissolved miso back into the soup and remove from heat immediately.\nGarnish with sliced green onions.',10,'https://images.unsplash.com/photo-1598514982205-f36b96d1e8d4',2,'2025-12-24 20:25:04','2025-12-24 20:25:04',2,100),(57,1,'Garlic Bread','A delicious Garlic Bread recipe.','Preheat oven to 180┬░C (350┬░F).\nMix softened butter with minced garlic and parsley.\nSlice baguette diagonally almost all the way through.\nSpread garlic butter generously between each slice.\nWrap in foil and bake for 10-15 minutes until crispy.',15,'https://encrypted-tbn0.gstatic.com/images?q=tbn:ANd9GcRTrIDSrMqdEAzQbW7htOG5EYPrYmuYXQTXhw&s',1,'2025-12-24 20:25:04','2025-12-24 20:25:04',4,300),(59,2,'Tanjia','Marrakech\'s Tanjia','Put the meat into a large bowl. Add garlic, spices, salt, olive oil, and smen. Mix well so the meat is evenly coated.\r\nCut the preserved lemon into pieces and add it to the mixture. This gives tanjia its classic flavor.\r\nTraditionally, tanjia is cooked in a clay pot called a tanjia. If you donΓÇÖt have one, use a heavy oven-safe pot with a lid\r\nPour in the waterΓÇöjust enough to keep the meat moist, not soupy.\r\nThe pot is sealed with parchment and string and placed in hot ashes at a hammam for several hours\r\nOR: Cover tightly and cook in the oven at 150┬░C (300┬░F) for 4ΓÇô5 hours until the meat is very tender.\r\nThe meat should be soft and juicy, almost falling apart. Serve hot with Moroccan bread (khobz).',300,'https://api2.arabesquekitchen.com/images/recipe-tanjia-marrakchia-image-caafx/recipe-tanjia-marrakchia-image-caafx-optimized.webp?version=1683101096422',4,'2025-12-25 00:38:25','2025-12-25 00:38:25',4,500),(61,1,'Pan-Seared Scallops with Pesto Cream Sauce and Garlic Shrimp','An AI generated surprise recipe! Enjoy this creative Dinner.','Rinse the scallops and pat them dry with a paper towel\nSeason the scallops with salt and black pepper\nHeat 2 tablespoons of butter in a large skillet over medium-high heat\nSear the scallops for 2-3 minutes on each side, or until they are golden brown\nRemove the scallops from the skillet and set them aside\nAdd the remaining 2 tablespoons of butter to the skillet\nAdd the garlic to the skillet and saut├⌐ for 1 minute, or until fragrant\nAdd the shrimp to the skillet and saut├⌐ for 2-3 minutes on each side, or until they are pink and cooked through\nRemove the shrimp from the skillet and set them aside with the scallops\nAdd the pesto to the skillet and stir to combine with the garlic and butter\nPour in the heavy cream and stir to combine with the pesto mixture\nBring the cream sauce to a simmer and let cook for 2-3 minutes, or until it has thickened slightly\nStir in the chopped parsley and season the sauce with salt and black pepper to taste\nReturn the scallops and shrimp to the skillet and toss them in the cream sauce to coat\nServe the scallops and shrimp hot, with lemon wedges on the side\nGarnish with additional parsley if desired',45,'https://www.simplyrecipes.com/thmb/YB9K4C3uqF8X6F1VY9Y9Y1T6zXU=/1500x0/filters:no_upscale():max_bytes(150000):strip_exif()/Simply-Recipes-Pan-Seared-Scallops-LEAD-09-4x3-43c64f5a45d74d808bac6a6f7e5041d7.jpg',1,'2026-04-26 21:04:18','2026-04-26 21:04:18',2,550),(62,1,'Pan-Seared Scallops with Lemon Garlic Shrimp and Pesto Fettuccine','An AI generated surprise recipe! Enjoy this creative Dinner.','Bring a large pot of salted water to a boil\nAdd the fettuccine pasta to the boiling water and cook until al dente\nReserve 1 cup of pasta water before draining the fettuccine\nIn a large skillet, melt 1 tablespoon of butter over medium heat\nAdd the garlic to the skillet and saut├⌐ for 1 minute until fragrant\nAdd the shrimp to the skillet and saut├⌐ for 2-3 minutes per side until pink and cooked through\nRemove the shrimp from the skillet and set aside\nAdd the remaining 1 tablespoon of butter to the skillet\nAdd the scallops to the skillet and sear for 2-3 minutes per side until golden brown and cooked through\nRemove the scallops from the skillet and set aside with the shrimp\nAdd the pesto sauce to the skillet and stir to combine with the garlic and butter\nAdd the reserved pasta water to the skillet in small increments to achieve a creamy pesto sauce\nAdd the cooked fettuccine pasta to the skillet and toss to combine with the pesto sauce\nStir in the lemon juice and season with salt and black pepper to taste\nReturn the shrimp and scallops to the skillet and toss to combine with the pasta and pesto sauce\nGarnish with fresh parsley and serve immediately',45,'https://www.simplyrecipes.com/thmb/zW4Z2O9xL8Vw0Kb2u1gU0Vz4PzI=/1500x0/fettuccine-with-shrimp-and-scallops-7-4e7074f5e1c34a108a3cd1f2ac8b9b5f.jpg',1,'2026-04-26 21:04:40','2026-04-26 21:04:40',2,550),(64,1,'Pan-Seared Scallops with Pesto Cream Sauce and Garlic Mashed Potatoes','An AI generated surprise recipe! Enjoy this creative Dinner.','Rinse the scallops under cold water and pat them dry with paper towels\nSeason the scallops with salt and black pepper\nHeat 2 tablespoons of olive oil in a large skillet over medium-high heat\nAdd the scallops to the skillet and sear for 2-3 minutes on each side\nRemove the scallops from the skillet and set them aside on a plate\nIn a food processor, combine the basil, parsley, garlic, and pine nuts\nProcess the mixture until it is well combined and slightly smooth\nAdd the Grana Padano cheese to the food processor and process until well combined\nWith the food processor running, slowly pour in the olive oil through the top\nProcess the mixture until it is smooth and creamy\nAdd the heavy cream to the food processor and process until well combined\nBring a large pot of salted water to a boil\nPeel and chop the potatoes into 1-inch cubes\nAdd the potatoes to the boiling water and cook until they are tender\nDrain the potatoes and return them to the pot\nAdd the unsalted butter, salt, and black pepper to the potatoes\nMash the potatoes with a potato masher or a fork until they are smooth and creamy\nAdd the pesto cream sauce to the skillet used for the scallops and heat it over medium heat\nSimmer the sauce for 2-3 minutes or until it is heated through\nTo serve, place a scoop of the mashed potatoes on a plate, top with a scallop, and spoon some of the pesto cream sauce over the top',45,'https://www.simplyrecipes.com/thmb/GyJ1Q4pZjzR1K4j9q4kN1k4xQzI=/1500x0/filters:no_upscale():max_bytes(150000):strip_exif()/summer-pesto-sauce-9ac6f521a64449b5a6d5fc4c2c17c1d8.jpg',1,'2026-04-26 21:05:23','2026-04-26 21:05:23',2,550),(65,1,'Grilled Octopus with Spicy Mango Salsa and Coconut Rice','An AI generated surprise recipe! Enjoy this creative Dinner.','Rinse the octopus under cold water, then cut it into 1-inch pieces.\nIn a large bowl, whisk together 1 tablespoon of olive oil, 1 clove of minced garlic, and 1/2 teaspoon of grated ginger.\nAdd the octopus pieces to the bowl and toss to coat with the marinade.\nCover the bowl with plastic wrap and refrigerate for at least 30 minutes.\nPreheat a grill or grill pan to medium-high heat.\nRemove the octopus from the marinade, letting any excess liquid drip off.\nGrill the octopus for 2-3 minutes per side, or until it\'s charred and cooked through.\nTransfer the grilled octopus to a plate and cover with foil to keep warm.\nCut the mango into small dice and place it in a bowl.\nCut the red onion into small dice and add it to the bowl with the mango.\nSeed and finely chop the jalape├▒o pepper, then add it to the bowl.\nChop the cilantro and add it to the bowl.\nSqueeze the lime juice over the mango mixture and toss to coat.\nIn a medium saucepan, combine the coconut milk, uncooked rice, and 1 cup of water.\nBring the coconut milk mixture to a boil, then reduce the heat to low, cover, and simmer for 15-20 minutes, or until the liquid is absorbed and the rice is tender.\nFluff the coconut rice with a fork and season with salt and black pepper to taste.\nTo serve, divide the coconut rice onto plates, then top with the grilled octopus and spicy mango salsa.\nGarnish with additional cilantro and lime wedges, if desired.',45,'https://www.simplyrecipes.com/thmb/hV4Q8qf6VWQYz0h9K9y9Y8Vz4dE=/1500x0/filters:no_upscale():max_bytes(150000):strip_exif()/grilled-octopus-9-ac9d45a55c914a6f9a8fc9b6eeea85af.jpg',1,'2026-04-26 21:08:41','2026-04-26 21:08:41',4,520),(66,1,'Peruvian Grilled Octopus with Aji Amarillo Sauce and Cilantro Lime Rice','An AI generated surprise recipe! Enjoy this creative Dinner.','Preheat the grill to medium-high heat.\nRinse the octopus under cold water, then pat it dry with paper towels.\nCut the octopus into 1-inch pieces and season with salt and black pepper.\nIn a blender or food processor, combine aji amarillo peppers, garlic, and ginger, and blend until smooth.\nHeat the olive oil in a saucepan over medium heat, then add the blended pepper mixture and cook for 2-3 minutes.\nAdd the lime juice to the saucepan and stir to combine.\nBring the sauce to a simmer and cook for 5-7 minutes or until it thickens slightly.\n Grill the octopus for 2-3 minutes per side or until it\'s slightly charred and cooked through.\nIn a medium saucepan, melt 1 tablespoon of butter over medium heat.\nAdd the chopped cilantro to the saucepan and cook for 1 minute, stirring constantly.\nAdd the uncooked white rice to the saucepan and cook for 1-2 minutes, stirring constantly.\nAdd the water to the saucepan and bring to a boil.\nReduce the heat to low, cover, and simmer for 15-20 minutes or until the rice is cooked and fluffy.\nFluff the cooked rice with a fork and stir in the remaining 1 tablespoon of butter.\nTo serve, place the grilled octopus on a plate, spoon the aji amarillo sauce over the top, and serve with the cilantro lime rice.',45,'https://www.perudelights.com/wp-content/uploads/2020/07/octopus-aji-amarillo-sauce.jpg',1,'2026-04-26 21:09:23','2026-04-26 21:09:23',4,550),(67,1,'Peruvian Grilled Mahi Mahi with Aji Amarillo Sauce and Saffron Rice','An AI generated surprise recipe! Enjoy this creative Dinner.','Preheat the grill to medium-high heat\nRinse the Mahi Mahi fillets under cold water and pat them dry with a paper towel\nIn a blender, puree the Aji Amarillo peppers, olive oil, lime juice, garlic, and ginger to make the sauce\nStrain the sauce through a fine-mesh sieve into a bowl to remove the pepper seeds and skin\nSeason the Mahi Mahi fillets with salt and black pepper on both sides\nGrill the Mahi Mahi for 4-5 minutes per side, or until it reaches an internal temperature of 145┬░F\nWhile the fish is grilling, heat the chicken broth in a saucepan over medium heat\nAdd the saffron threads to the chicken broth and let it steep for 5 minutes\nAdd the uncooked white rice to the saucepan and stir to combine with the saffron-infused broth\nBring the rice mixture to a boil, then reduce the heat to low, cover, and simmer for 15-20 minutes, or until the rice is tender\nFluff the cooked rice with a fork and season with salt to taste\nTo serve, place a grilled Mahi Mahi fillet on each plate, spoon the Aji Amarillo sauce over the top, and serve with a side of saffron rice\nGarnish with chopped fresh cilantro and serve immediately',45,'https://www.peru.org/images/recipes/mahimahi-aji-amarillo.jpg',1,'2026-04-26 21:12:41','2026-04-26 21:12:41',4,550),(68,1,'Pan-Seared Saffron Crusted Octopus with Spicy Mango Salsa and Coconut Rice','An AI generated surprise recipe! Enjoy this creative Dinner.','Rinse the octopus under cold water and pat it dry with paper towels\nIn a small bowl, mix together saffron threads, paprika, garlic powder, salt, and black pepper\nRub the spice mixture all over the octopus, making sure to coat it evenly\nHeat 1 tablespoon of olive oil in a large skillet over medium-high heat\nSear the octopus for 2-3 minutes on each side, or until it\'s nicely browned\nRemove the octopus from the skillet and set it aside to rest\nPeel and dice the mango into small pieces\nFinely chop the red onion and jalape├▒o pepper\nIn a medium bowl, combine the diced mango, chopped red onion, and jalape├▒o pepper\nStir in chopped cilantro and lime juice\nIn a large saucepan, heat the remaining 1 tablespoon of olive oil over medium heat\nAdd the uncooked rice to the saucepan and stir to coat the rice with oil\nAdd the coconut milk and water to the saucepan, and bring to a boil\nReduce the heat to low, cover the saucepan with a tight-fitting lid, and simmer for 15-20 minutes, or until the rice is cooked and fluffy\nSlice the rested octopus into bite-sized pieces\nServe the octopus on top of the coconut rice, with the spicy mango salsa spooned over the top\nGarnish with additional cilantro and lime wedges, if desired',45,'https://upload.wikimedia.org/wikipedia/commons/thumb/5/5d/Octopus_with_saffron_rice_and_vegetables.jpg/800px-Octopus_with_saffron_rice_and_vegetables.jpg',1,'2026-04-26 21:14:17','2026-04-26 21:14:17',4,550),(69,1,'Korean-Style Pan-Seared Tuna with Gochujang Glaze and Pineapple Salsa','An AI generated surprise recipe! Enjoy this creative Dinner.','Preheat a skillet or grill pan over medium-high heat\nIn a small bowl, whisk together gochujang paste, soy sauce, brown sugar, rice vinegar, garlic, and ginger to make the glaze\nSeason the tuna steaks with salt and black pepper\nAdd sesame oil to the preheated skillet and sear the tuna steaks for 2-3 minutes per side\nTransfer the tuna steaks to a plate and brush the gochujang glaze over them\nLet the tuna rest for a few minutes before slicing\nIn a separate bowl, combine pineapple, red onion, cilantro, and lime juice to make the salsa\nSeason the salsa with salt to taste\nTo serve, slice the tuna steaks and place them on a plate\nSpoon the pineapple salsa over the tuna\nGarnish with additional cilantro and serve immediately\nServe with steamed vegetables or a side of kimchi for a complete meal\nStore any leftovers in an airtight container in the refrigerator for up to 2 days',45,'https://www.simplyrecipes.com/thmb/Gg4VdL1g1VW3u0Yz4cWp5xV3KwK=/1500x0/filters:no_upscale():max_bytes(150000):strip_exif()/korean-tuna-16-56f5dc9c5f9b5829b77f54a35e55f364.jpg',3,'2026-04-26 21:35:49','2026-04-26 21:35:49',4,550),(70,1,'Peruvian Grilled Shrimp Anticuchos with Aji Amarillo Sauce','An AI generated surprise recipe! Enjoy this creative Dinner.','Peel and de-vein the shrimp, then set them aside in a bowl of cold water.\nRoast the Aji Amarillo peppers over an open flame or in the oven at 400┬░F for about 10 minutes, until charred.\nOnce the peppers are cool enough, peel off the skin, remove the seeds, and place them in a blender.\nAdd the red onion, garlic, cilantro, lime juice, salt, and black pepper to the blender with the peppers.\nBlend the mixture until smooth, then heat the vegetable oil in a saucepan over medium heat.\nPour the blended pepper mixture into the saucepan and simmer for about 10 minutes, stirring occasionally.\nThread the shrimp onto the wooden skewers, leaving a little space between each shrimp.\nBrush the shrimp with the Aji Amarillo sauce and season with additional salt and black pepper if needed.\nPreheat a grill to medium-high heat and grill the shrimp anticuchos for about 2-3 minutes per side, until pink and cooked through.\nWhile the shrimp are grilling, toast some crusty bread and crumble the Queso Fresco over it.\nTo serve, place the grilled shrimp anticuchos on top of the toasted bread, spoon some of the Aji Amarillo sauce over them, and sprinkle with additional cilantro if desired.\nServe immediately and enjoy the combination of flavors and textures.\nFor an added touch, serve with a side of grilled corn or sweet potato.',45,'https://www.peruvianfood.com/wp-content/uploads/2019/06/Anticuchos.jpg',1,'2026-04-26 21:38:11','2026-04-26 21:38:11',4,550),(71,1,'Korean-Style Grilled Pineapple with Spicy Tofu and Kimchi Fried Rice','An AI generated surprise recipe! Enjoy this creative Dinner.','Preheat the grill to medium-high heat.\nCut the tofu into bite-sized cubes and place it in a bowl.\nIn a small bowl, whisk together sesame oil, gochujang, soy sauce, brown sugar, and crushed red pepper.\nPour the marinade over the tofu and toss to coat.\nLet the tofu marinate for at least 10 minutes.\nCut the pineapple into wedges and brush with a little sesame oil.\nGrill the pineapple for 2-3 minutes per side, or until caramelized.\nGrill the tofu for 3-4 minutes per side, or until golden brown.\nHeat 1 tablespoon of sesame oil in a large skillet over medium-high heat.\nAdd the kimchi to the skillet and cook for 2-3 minutes, or until slightly caramelized.\nAdd the cooked white rice to the skillet and stir-fry for 5 minutes, breaking up any clumps with a spatula.\nAdd the cooked tofu, green onions, and a pinch of soy sauce to the skillet and stir-fry for another minute.\nTo serve, place a portion of the kimchi fried rice on a plate, top with a grilled pineapple wedge and a few pieces of the spicy tofu.\nGarnish with additional green onions and serve immediately.',45,'https://source.unsplash.com/800x600/?korean-grilled-pineapple-tofu-kimchi-fried-rice',7,'2026-04-26 21:39:45','2026-04-26 21:39:45',2,550),(72,1,'Korean-Style Grilled Pineapple and Shrimp Skewers with Spicy Gochujang Sauce','An AI generated surprise recipe! Enjoy this creative Dinner.','Preheat the grill to medium-high heat.\nThread the shrimp, pineapple chunks, and a few green onion pieces onto metal or bamboo skewers.\nIn a large bowl, whisk together gochujang sauce, sesame oil, brown sugar, garlic, and ginger to make the marinade.\nPlace the skewers in the marinade, turning to coat evenly, and let it sit for at least 15 minutes, or up to 30 minutes in the refrigerator.\nRemove the skewers from the marinade, letting any excess liquid drip off.\nGrill the skewers for 8-10 minutes, turning occasionally, until the shrimp are pink and cooked through.\nWhile the skewers are grilling, prepare the spicy gochujang sauce for serving by mixing an additional 2 tablespoons of gochujang sauce with 1 tablespoon of water in a small bowl.\nOnce the skewers are cooked, brush them with the spicy gochujang sauce during the last minute of grilling.\nSprinkle the sesame seeds over the skewers during the last 30 seconds of grilling.\nRemove the skewers from the grill and garnish with additional green onions and sesame seeds if desired.\nServe the skewers hot with the spicy gochujang sauce on the side for dipping.\nConsider serving with steamed rice or noodles to soak up the flavorful sauce.',45,'https://source.unsplash.com/800x600/?shrimp-skewers-pineapple',9,'2026-04-26 22:39:41','2026-04-26 22:39:41',4,550),(73,1,'Korean-Style Grilled Octopus with Mango Salsa','An AI generated surprise recipe! Enjoy this creative Dinner.','Preheat the grill to medium-high heat.\nRinse the octopus under cold water, then pat it dry with paper towels.\nCut the octopus into large pieces, if desired, for easier grilling.\nIn a large bowl, whisk together gochujang, sesame oil, salt, and black pepper to make the marinade.\nAdd the octopus pieces to the marinade and toss to coat evenly.\nLet the octopus marinate for at least 20 minutes, or up to 30 minutes in the refrigerator.\nWhile the octopus is marinating, prepare the mango salsa by dicing the mango and red onion.\nChop the cilantro and add it to the mango and red onion mixture.\nSqueeze the lime juice over the salsa mixture and toss to combine.\nSeason the salsa with salt to taste.\nRemove the octopus from the marinade, letting any excess liquid drip off.\nGrill the octopus for 2-3 minutes per side, or until it\'s cooked through and slightly charred.\nTransfer the grilled octopus to a plate and serve with the mango salsa spooned over the top.\nGarnish with additional cilantro, if desired.\nServe immediately and enjoy!',45,'https://source.unsplash.com/800x600/?korean-grilled-octopus',10,'2026-04-26 23:27:38','2026-04-26 23:27:38',2,420);
/*!40000 ALTER TABLE `recipes` ENABLE KEYS */;
UNLOCK TABLES;

--
-- Table structure for table `sessions`
--

DROP TABLE IF EXISTS `sessions`;
/*!40101 SET @saved_cs_client     = @@character_set_client */;
/*!40101 SET character_set_client = utf8 */;
CREATE TABLE `sessions` (
  `id` varchar(255) NOT NULL,
  `user_id` bigint(20) unsigned DEFAULT NULL,
  `ip_address` varchar(45) DEFAULT NULL,
  `user_agent` text DEFAULT NULL,
  `payload` longtext NOT NULL,
  `last_activity` int(11) NOT NULL,
  PRIMARY KEY (`id`),
  KEY `sessions_user_id_index` (`user_id`),
  KEY `sessions_last_activity_index` (`last_activity`)
) ENGINE=InnoDB DEFAULT CHARSET=utf8mb4 COLLATE=utf8mb4_unicode_ci;
/*!40101 SET character_set_client = @saved_cs_client */;

--
-- Dumping data for table `sessions`
--

LOCK TABLES `sessions` WRITE;
/*!40000 ALTER TABLE `sessions` DISABLE KEYS */;
INSERT INTO `sessions` VALUES ('1ugplQ8C48u6cF7QXQyxoKRXYsnYT0HkmgTh5ZJq',NULL,'127.0.0.1','Mozilla/5.0 (Windows NT 10.0; Win64; x64) AppleWebKit/537.36 (KHTML, like Gecko) Chrome/147.0.0.0 Safari/537.36','YTozOntzOjY6Il90b2tlbiI7czo0MDoiQnV6VFN1SkpWeDNvaTByZm5WRGZpN2dlc3hnNjRKZ3FINkZ1alY0ZyI7czo5OiJfcHJldmlvdXMiO2E6Mjp7czozOiJ1cmwiO3M6MzI6Imh0dHA6Ly9sb2NhbGhvc3Q6ODAwMC9yZWNpcGVzLzY5IjtzOjU6InJvdXRlIjtzOjEyOiJyZWNpcGVzLnNob3ciO31zOjY6Il9mbGFzaCI7YToyOntzOjM6Im9sZCI7YTowOnt9czozOiJuZXciO2E6MDp7fX19',1777242950),('NX8Xm2nTHd7DWf2IoefT8HhHmo2lObcckcKBHaBZ',1,'127.0.0.1','Mozilla/5.0 (Windows NT 10.0; Win64; x64) AppleWebKit/537.36 (KHTML, like Gecko) Chrome/147.0.0.0 Safari/537.36','YTo0OntzOjY6Il90b2tlbiI7czo0MDoiQVA0RVRiblJISldOOW5wMU9zc3Vyczk3a3ZnaHhFaU4yZWZvdmFpQSI7czo5OiJfcHJldmlvdXMiO2E6Mjp7czozOiJ1cmwiO3M6MjE6Imh0dHA6Ly8xMjcuMC4wLjE6ODAwMCI7czo1OiJyb3V0ZSI7czo0OiJob21lIjt9czo2OiJfZmxhc2giO2E6Mjp7czozOiJvbGQiO2E6MDp7fXM6MzoibmV3IjthOjA6e319czo1MDoibG9naW5fd2ViXzU5YmEzNmFkZGMyYjJmOTQwMTU4MGYwMTRjN2Y1OGVhNGUzMDk4OWQiO2k6MTt9',1777251162),('RiJKOnL17mnlz8yHLH9dlLr4tS1tHF4ny395k12o',NULL,'127.0.0.1','Mozilla/5.0 (Windows NT 10.0; Win64; x64) AppleWebKit/537.36 (KHTML, like Gecko) Chrome/147.0.0.0 Safari/537.36','YTozOntzOjY6Il90b2tlbiI7czo0MDoiSW5uZmpQZEFXVXpFSGJ0WE1KSUZkSkxUenBnTW96TUxXTTdCeGFhNyI7czo5OiJfcHJldmlvdXMiO2E6Mjp7czozOiJ1cmwiO3M6MzI6Imh0dHA6Ly9sb2NhbGhvc3Q6ODAwMC9yZWNpcGVzLzY5IjtzOjU6InJvdXRlIjtzOjEyOiJyZWNpcGVzLnNob3ciO31zOjY6Il9mbGFzaCI7YToyOntzOjM6Im9sZCI7YTowOnt9czozOiJuZXciO2E6MDp7fX19',1777250414);
/*!40000 ALTER TABLE `sessions` ENABLE KEYS */;
UNLOCK TABLES;

--
-- Table structure for table `users`
--

DROP TABLE IF EXISTS `users`;
/*!40101 SET @saved_cs_client     = @@character_set_client */;
/*!40101 SET character_set_client = utf8 */;
CREATE TABLE `users` (
  `id` bigint(20) unsigned NOT NULL AUTO_INCREMENT,
  `name` varchar(255) NOT NULL,
  `email` varchar(255) NOT NULL,
  `email_verified_at` timestamp NULL DEFAULT NULL,
  `password` varchar(255) NOT NULL,
  `remember_token` varchar(100) DEFAULT NULL,
  `created_at` timestamp NULL DEFAULT NULL,
  `updated_at` timestamp NULL DEFAULT NULL,
  PRIMARY KEY (`id`),
  UNIQUE KEY `users_email_unique` (`email`)
) ENGINE=InnoDB AUTO_INCREMENT=3 DEFAULT CHARSET=utf8mb4 COLLATE=utf8mb4_unicode_ci;
/*!40101 SET character_set_client = @saved_cs_client */;

--
-- Dumping data for table `users`
--

LOCK TABLES `users` WRITE;
/*!40000 ALTER TABLE `users` DISABLE KEYS */;
INSERT INTO `users` VALUES (1,'Yahya','yahyadaraan@gmail.com',NULL,'$2y$12$Uqdjj/WGko4bPQf4wUnp.usi4N9EsJTacrdjpXo5AX4k5ZJvFSz6S',NULL,'2025-12-24 20:25:03','2025-12-24 20:25:03'),(2,'aslam','aslam@gmail.com',NULL,'$2y$12$q/GnzGEHEi2PBaW4318NjulXGUXVZkvMf2iKHF1a5YQRrGHfNbWPW',NULL,'2025-12-24 21:56:38','2025-12-24 21:56:38');
/*!40000 ALTER TABLE `users` ENABLE KEYS */;
UNLOCK TABLES;
/*!40103 SET TIME_ZONE=@OLD_TIME_ZONE */;

/*!40101 SET SQL_MODE=@OLD_SQL_MODE */;
/*!40014 SET FOREIGN_KEY_CHECKS=@OLD_FOREIGN_KEY_CHECKS */;
/*!40014 SET UNIQUE_CHECKS=@OLD_UNIQUE_CHECKS */;
/*!40111 SET SQL_NOTES=@OLD_SQL_NOTES */;

-- Dump completed on 2026-05-03 20:03:18
